json_path,year,full_article_id,block_id,matched_patterns,headline,article,Gemini_classification
/scratch.hpc/nicola.barban2/data/AS_dataset_raw/year_1842/faro_1842/1842-09-25_p4_sn83030313_00271743166_1842092501_0363.json,1842,4,3,\bm[i1]scarriage\b;\b(?:m|rn)[i1]scarr[iIl1]age\b,"I PORTUGUESE M


Z E M A l. e p IL, s.","=, INVENTED AND PRErtHfpBv
""a; pE ByUDELOQlk, Nj D- LisbON. PORTUGAL


NE Scientific combination cr ingredients OF which these
FILLS composed have made them aud adu
ration Of che world They known III Europe 70 be


the only preparation discovered that sriahy
certain IN producing the monthly Their certainty, al
gases being such thai thew be used darns
Tor though always mid, sale and healthy they
produce miscarriage IL used during thai period.


The objections translated into Engih .si cn,cotcd
round with the sc 81 Che lmror'ef stamped Each Dor
taBs the signature of NJ. de Boudeclue, si the English di
ftctions have the Of DR. f. NELvEA endorsed
agent for the cciineiif Of Amriica.


They be transmitted by o United
States i.euen directed TO DR.. ~ Neissio l's ~, New
York will with immediate All
be paid Sold b. appointment Cherry, Caa
Price s. Half boxes g. No half boxes by
mail 81 m dNW",ADS_REPRO
/scratch.hpc/nicola.barban2/data/AS_dataset_raw/year_1843/faro_1843/1843-01-19_p3_sn83030313_00271743178_1843011901_0092.json,1843,44,43,\bfemale[ -]?(pills?|safe(?:ty)?|remed(?:y|ies))\b;\bfemale[ -]?p[i1]lls\b,,"FRANCIS PATENT LIFE BOAT.


0rsICE No WALL. STREET. uaisr


ROCKWELLS PATENT DECK LIGHTS
NJ A'ioN hooS sfR HhAEITRANch IN sA A FL!
Mh sa RE 81 nS viii attend private
NO Delaney street uear The Bowev. No 80 Cosby g.
jyl7 liner


NEW YORK SACRED MUSIC SOCIETY.


THE Second Puhc Performance for the Season will take


place a. the Tabernacle Monday evening asd January
Part The The song of the Bell"" by A Romberx first time in
Fart The seasons by Haydn which will be repeated by
saessrp.ioa for the S. which will en,ise III.
70 three tickets Of each public Pe,for


sp taisv sses s.h i . NJ: Frank
,,,ur :, MILITARY AND CIVIC BALL.


he xeo 9s ,d BT,ss 1snd will give their Annual Ball


sI Gsas SstHas &: h: o.


S.sss;s: S SSss; SsIs pieces; "". Le,A..


Go%paS e S cao LGr s, q The Third


po e on S,. Of Centre and
Members Of Military Companies viii please to appear
IN UNIFORM: jyiooa3sr
81, sAx W. .'STs and good will Of cid b
Sens des!;Sl. Of city iOt the above
proprietor wishes dispose Of above place in
II A '' TGN ;s5'isq.f t%S9S5fT 10, Bower,
A MEXICAN LAND AMI. LOAN OFFlCE-wiln.m
Of h Rss SSse thirty years sIDsepcs
; :s x: sss
patronage he Ia. heretofore enjoyed respectfully solicit. The
Of A s':y
s: Of
ESee s.e and for The hiring and e'ios Of Stores
G so I'm s he
seS s s"" or will
shi ht, i'd apply any


ss Ss's oss % tPd ).
and every honorable eIs!iou made 70 dispose Of .s AM.
s be- the y 1 be :Sd sT will


lie viii attend ssctiny anes on property OBJ
tanning and osnug bond mortgage or other
sas f"" sss pf h,ys care rseevs ample
lemen Of the legal profession Of established character
Holders Of vacant grcurd that requires improving will find IL


%Se 70 Sp h% his =, o.
ansnanee ws Oh n. The % and h; long
hsm erected on the reasonable expense
He will take charge Of real estate intended for public
as ms knowledge from experience getting up sass
will prepare the 70 s se ss, n
distributed aud superintendent and direct the and
FOR The last three four years has been frequently sacrificed


OF S s%s sAs AGENT !"" is s.
Of their real estate, may depend on having faithfully and
paid over Person. Wishing % hire or puesa. popev os
ss .:i OF
purchase real estate BY sendn description oil the properly
All letter., for the purchase s or exchange of re. s..
f. f S2ns R n %a and e ss
b Ceufrict and other papers prepared at this odice.
ia t.imissr


TIC. THE Lovers ,oF SUPERIOR Black TEA


Howquas M,tufe-This extremely delicious unparsl-
eled Tea so hshy ceenato IN Chna and Europe, i'm
Tor safe at the Canton Tea Companv General
rca Establishment. i2I Chatham ST. New Yorh-n Chimes
aichaRes tnre ,"" cents ana 81 jl2 imsr


PORTUGUESE FEMALE PILLS.


THESE far famed and celebrated Pills. from Portugal arr
wepecri'e 20 be obtained this country See advertise
,ent on the last column. fourth mage, ma
II .lx.t.t .-.-saLa..",ADS_REPRO
/scratch.hpc/nicola.barban2/data/AS_dataset_raw/year_1844/faro_1844/1844-01-04_p4_sn83030313_00271743191_1844010401_0029.json,1844,25,24,\babort[i1][o0]n\b,"WONDERFUL REMEDY
VIRREY'S TINCTURE AND LOTION OF lNvIGO","


SUPPLY Of these invaluable extraordinary remedie.
has been received direct rom Doctor Adrian Virey Of
Lyons by his exclusive American agents. De Launey Grey
81 New York Nothing equal them has been discovered
for removing impotency huor abus, affections and
nvgorating the and the decayed energies of
certain paris fact that be proved by
mlnutes for while all other medicines recommended for
same diseases admitted by their slow
and Lotion
make their effect et few they
OIL Indeed their quick and wonderful action SUCH cold
ness or imbecllitv cannot The
der their dominion for half hour any
married female 10 use them aud remain
they Immediately correct the Inactivity 9foean organs which
ness They are also unvallsd remedies in ncpen


on dyspepsia pltaon OF the headache gret
and affections Of The kidneys. and in all diseases produced by
i've cure The Tncare nken internally and pleasant
seIaratey With great benefit but effective when used
NJ BPersons living distance have these medicines
with full prred directions for converting them Tac
and Lotion Price 50 for powder or So for both
when both used their effect wonderful removing


REMITTANCE must be post paid. and directed De Launey
information Of delicate nteres ting nature which can,
not be inserted In pablo boil
tie aud powder These medicines should preg
lant women for their exciting would be liable pro
duce abortion


Sold by special appointment Of


iDE LAUNEY & GREY


d29ln~t AT - Dnau~ ct. Nov York.",ADS_REPRO
/scratch.hpc/nicola.barban2/data/AS_dataset_raw/year_1854/faro_1854/1854-02-11_p1_sn82014869_0027955727A_1854021101_0060.json,1854,6,5,\babort[i1][o0]n\b,WE ARE A MIGRATORY PEOPLE.,"]


The locomotive propensities Of our nature arc
without parallel in the annals of history True,
the Bedouin has an extended desert for his home.
the different parts Of which he visits on the back Of
his horse his camel But there is no being on
the earth with so large development of what the
phrenologst calls httGdGteeaeSs His local ties are
as immenforial as his history. Who ever saw an
emigrant Arab! True, the northern barbarians of
former age left their trigid homes for the beauti-
ful skies and owory land of Italy or of sia Minor
and thus, dissolved first the Roman Empire in the
! West and subsequently the Grecian Empire in the
East. But as soon they had found Il more genial
! home, they became a permanent fixture in it. and
the present Italians Greeks and the inhabitants of
! "" cstcrn ASIA descendants OF those northern
barbaiians.


Not so with our people. The descendants of
those, who, two centuries ago, found home in
New England are now dispersed from Maine to
California. Over all that vast extent of country
which divides between the two great oceans of the
world, there Is scarce village, town or hamlet in
which the governing element is not of Yankee ori-
gin those who, sixty or seventy years ago, emil
grated to Vermont, have since sent syarns Of peo-
pie, first into Western New York then to Ohio In
diana Illinois, Wisconsin, and to the States and ter
rltories west Of the Mississippi. The emgrant of
thirty twenty, or even ten years agois looking
still farther west for a still more deghtfu home
and thus the unscttlng Of the local ties among us
is without an example in the annals Of history



uncs on the subject


table of The last census shows US where the
inhabitants OF the different States We're born Itis
curious to see how migratory n people we are
Vermont shows herself regular hive She has
| not only mainly stocked her towns. but has con-
stantiy been sending off swarms to other States---
OF the 3l4.l2 persons residing in the State when
the census WAS taken, 280,96G were American born.
and OF these 232 ,0S6.wcre born in the State But
besides these, there were in other States nearly
l4o,OV0 persons born in Vermont, she having re-
ceired from them not quite - coo of whom 81 Gj5
came from New Hampshire and Massachusetts, -
Aboat 21CJ1 born in Vermont have gone to those
! two States. Most OF the rest have gone to New
\ orS Ohio, Michigan and Wisconsin. Not many
have gone to-the southern part of the Union.


These migratory propensirieS Of the descendants
oi the original settlers Of this continent is the great
hope Of our country. II tends to difslso the New
LnGiand spirit and institutions all abroad. 1t is
count""Tacting the evil OF having the German people
and language in place those of France in anoth-
Grand so Of an INFUSED aggregation Of nations
within borders that is rapidly melting into one
great \ ncrlcan nation with onc language and one
order OF political ideas, all the possible varieties Of
the human race, which now in, or may hcrcaf-
ter seek hono in the new world Christian 1In,cs


TIE TRUE BEAUTY OF IoMr-1hc country is tbc
true home Of beauty and horticulture is tie free
school OF taste, in which all our readers may become
apt pupils II they choose and gratifcd and useful
professors. if they will ill., and help to create as much
beauty In ter spare hours the wealthy citizen can
purchase with the gains Of years to decorate his
brick and mortar place in the metropolis,


There is no mere ornament, in the house or out
OF it. 50 cheap and 50 tasteful healthy plants and
flowers and you will hear ten persons of sense ad-
mrlng your geraninms or fuhsias, where one will
notice your rich curtain and tail mirrors And out
doors, the eye that would never be attracted by
garng paint, cornice column, will be instantly
arrested by The living arabesquc OF native creepe
or the umbragedus ontline Of an American tree


Do yoa not admire that simple little cottage with
Its graceful trees from native woods The vines
making beautiful While they conceal the rough OUT
buildings; the little "" front yard or more fitting
lawn gemmcd, with shrubbcry and sparkling with
flowers; the neat walks with tnge of velvety turf
or natural ones over it, all in Keeping and all SUI
ted to the means Of the tasteful owner If You
have been able TO lift the veil which hides the Fife
within, have you not found real comfort and true
happiness there, and not the inmates really de-
serving Of what they enjoy


l And how much in time and money has all this
cost Perhaps less than tithe of that YOUR rich
ncighbor has expended to that great pile Of
boards and shingles or more ambitious mountain Of
brick and mortar. with cOuntenancc as black as q
undergrad OF brick kiln, and not thing except
weeds in the grounds or paints on the walls, either
grecner Or brighter than the man who can deem
his huge abortion the ne Plus ultra OF architectural
taste.


Ten to one he who built that dwelling if a farmer
is one Of those WHO would rather have a hill of
potatoes than rose BUSH and would sooner raise
a snarnGs cur than plant beautiful trec.-Pra,ris
fuymer.",ART
/scratch.hpc/nicola.barban2/data/AS_dataset_raw/year_1855/faro_1855/1855-12-03_p4_sn85042002_00415660996_1855120301_1311.json,1855,1,0,\bfemale[ -]?(pills?|safe(?:ty)?|remed(?:y|ies))\b;\bfemale[ -]?p[i1]lls\b,"ARE YOU SICKf
r. YOU are. don't take Ouack Medicines","H
i but use those prepared by regular physician.
\ Dr. ROSES celebrated Family Medicines are the
result of thirty years practice IN Philadelphia. His
prescriptions are for each complaint, and have been
and thousands Of patients remedy for each disease
THE WONDERFUL PAIN CURER.
This preparation is truly the wonder of the age
Cures all pain external or internal Cures Pains in
the Sides, Limbs, Back Chblains, Ague, or Jumps
in the Breasts Oorns Bruises, SPrains, Toothache,
and Stomach, Sudden Colds, &C.
The Pain Curer being fine tonic mixture, is also
used with great benefit for Weak Stomach and Bow
els. likewise for Fever and Ague.
and you win obtain immediate relief Bottles 1917,
25, and so cents


THE GREAT COUGH SYRUP.
Dr. Roses Cough Syrup, or Expectorant is the
best preparation in the world for Cough, arising
from cold, or a consumprive cough. Bottles 50
cents and 81.


TO CURE wHooPING COUGH,
Use DR.. Roses Whooping Cough Syrup. II is the
only reliable remedy for that distressing and often
fatal complaint Price so cents.


TO CURE GROUP.
DR.. Roses Group Syrup has saved the lives Of
thousands Of children. IS cents bottle.
TO CURE NERVOUSNESS
The most wonderful preparation 10 allay all ner-
vous affections Of the mind or body is DR.. Roses
Nervous Cordiah 80 cents a bottle.
TO CURE KIDNEY AND BLADDER COM


PLANTS.
Use DR.. Roses Butcher Compound II also cures
Dropsy. 80 cents bottle.


FOR FEMALE COMPLAINTS.
DIR. Roses Golden Pills the only remedy for
Falling Of the Womb, Weakness, and General Debil-
- DR.. ROSES FEMALE PILLS
Are the great regulating Female Pills rs cents
q box.


DR.. ROSES sARsAPARrLLA COMPOUND
Should be used by all females as il strengthens
and invigorates the constitution, purIfes the blood
and removes oil eruptions from the skin. Quart
bottles 81 small bottles SO cents


TO CURE DYSPEPSIA,
Use Or. Roses Dyspeptc and Liver Compound.
so cents bottle.


TO CURE BILIOUS HABITS,
Take DIR. Roses Ambitious or Railroad Pills.
They carry off oil bile. 121{ and 25 cents box
These Pills are called Railroad Pills. because they
90 ahead OF all other Pills in removing bile, bad
colds, and all foul secretions from the system.
Sold bv ID. 8. DYSON,


q. ST0TT a CO.,


w. IL. GILMAN,


J. w. MARIN,


PATTERSON a MARIN,


ID. b. CLARK,


III. II. MCPHERSON,


w. II. EVANS,


KIDwELL LAWRENCE,


]. B. MOORE
srr r-..t Washingtsn, d. O.
fsr J. l. KIDWELL,


Georgetown,
And BY all dealers in Alexandria, Virginia.
iuly l7-aoRm",ADS_REPRO
/scratch.hpc/nicola.barban2/data/AS_dataset_raw/year_1856/faro_1856/1856-10-09_p2_sn83021205_00517171931_1856100901_0818.json,1856,70,69,\bm[i1]scarriage\b;\b(?:m|rn)[i1]scarr[iIl1]age\b,,"For sale by John O. Mn. .ae ,sn, . c ia, vTog.
MSS ana by dealers generally
az anachisss' RcsaiascI,. I,7lts.- A,rcrc,
a. "" IeHeules that We have tsia! FIR Ucadaci,r -
Neuralgia, rome aye tcen So Ell tpal s i Suu
Sii3n are sod BY al the ninsgists amino one % ~
- az = u sHGn snca rem dy can he obtained
No seed Of he5nu II a-Sfs.E,,-Tisra 5s ,, .-,,
rine eXtart effetual ia d.. rnre - - Is 10 inet
nausea &C. as ugeI's Healing Embrta,,tion H. 30
oaly RECEIVING prpofs Of its ben, d;ic effects in b
casrs- IT'S inbred the Travellers iriendo and as NO
person contemplating voyage t or a reside, q, in ~
uh sthJ climate should ne without H. in tbc C.I,t W
anu Mexico markets, it is erg with a rat,id sab, ID
Is oud 70 be OF great benefit TO residing in hos
For sale ~ David Scott, George r. SPUR. and Dur
gss generally 80 ~ ""s-


GHNTLEHjEN'S


YOUTHS, AND LITTLE CHLEDREN's


G L Il N G


o. every desirable grade, for


FAIL and winner Trade


WHOLESALE AND RETAIL


GEORGE W. SIMMONS, PIPER, 4 CO..
20 8 ?. No.,, az oAA HALL,
% o. No'h street,. Boston


u-t""N WON


Having Witnessed tile beneficial eaee,s of PERRY
D%Nls's PAIN KILLER in several cases of dysepterv
ana cholera orhus, would most cheerfuly recommend
It's use TO such may be suffering from the aforemen
uoned or similar diseases as safe and clrctua rmedy


EDWARD b FULLER


fastor OF First Baptist ChUr h, Somerset Mass
sZ0 d2aw&v2t


MI
consisting Of nearly new Hous-, Barn, and acres
1 lana, with great variety Of fruit Il IL .t.vat,d IN
fAntaton rtreet, near the Bloonngdale roai Il mleg
ter Up. Francis G. NIsNER


VIZ deoaswd -~-''-''
MTss 80 Coed ~ sr. an experienced and sarc ess
mIu""iiT hoids herself in READINGS, Jay night to
sttendthe duties nj her o7afea r@stienee s Anstin


NetzE att


l.. A. MAYNARD,
ATTORNEY, AND COUNSELLOR AT LAW.
an3o Office No. Central Exchange. at
Consumption eam be Cs,red Sir James
ozark, Physician to Queen Victoria and one of The most
learned and skifu of the age in his ""Treaiisr on
Consumption, says"" 1ha, Pulmonary Consumption adj
mits Of Cure is no longer matter Of doubt it has been
clearly demonstrated by the Of Laennec and
other modern pathoOgiss""


The mer fac that such ease is ever curabe attest
ed by such unimpeachable authority should inspre
hope and reanuae ailne courage in the heart of every
sufferer from this disease
The remedy which We offer has cured thousands


WtsFARS BALSAM OF WILD CHERRY,
not only emanates from regular physician hut has been
wen tested in all the complaints for which it is recon
mended.


Always signed I. BUTTS on the wrapper.


Prepared and sold, wholesale and retail only by SETH
W F0WLE, Boston, Mass. to whom all orders should be
addressed, and for sale ny his agents


AGENTS James Green, D. Scott NJ. b Green Charles
Clarke Worcester; c. Il Colbura, Leominster


OF deodlw6wlt


DR.. Eane.-The Government edition is now being
delivered to subscribers NJ work has b. issued from
the press that has given general satisfaction to sub
scribers than this work. Il is written in an int resting
style, and eniss the attention Of the reader.


This man Of all work, Bnd desperate daring and sue.
cessful doing has the distinction Of being the first
civilized man to stand in latitude 80 &C. aud gaze upon
the opeu polar seao reach the orthernmost point Of
lard on the globeto report the lowest temperature ever
endured-the heaviest sege duty ever periormed-and
me widest lie and after all to return to tell the story Of
his adventures 1t not only excs wonder but Dor
rows move grandeur roei the truly benevolent consd-
eraons which animated him to the task.


Copies OF the government edition be obtained OF
Messrs. KIMBALL Il CO. at VIM. D. FESNo y soN's
nearly opposite The Worcester Post Office diff oil
Coparsnersaip Nol5oc.-The subscribers have
TINS day formed copartnershiP for the purpose of
acting general Wholesale and Retail Dry Goods business
to be known by the name of Jenkins, Hamilton, Il Co.
B. Il. HARDOE, q. W. HAMILTON,
J. Il. JENKINS, G. A. WHITE
Worcester, July 2S, 1856.


GARD TO TIE PUBLIC.
We desire to call the attention of the public to the
above notice. by which will he that we have pur
chased the entire stock in trade of B. L. Harden Co.
The stock consists Of every description of


DRY GOODS. CARPETS.
FEATHERS, HAIR MATTRESSES, FLOOR
CLOTHS, AND HOUSE FURNIsHINd GOODS;
To which viii he added the rew aud choice STYLES of
DRESS GOODS, as soon as they appear in the market
Ar Aardon who has long known as the purchaser
OF goods for the old firm viii have ebarga ~ tho ssr
department in the new; residing in New York and de-
young MS whole time to the purchase of all kinds Of
Stable and FANCY DRY GOODS, he will possess unu-



Goods, upon the mast tdvoyable terms ""
FOR these reasons shall be able to offer our custo
eh a al times goods at handsome per cent less than our
competitors can; and we do hesitate ia rIadpe our
serves not to be undersold by any one We believe
eeoie tt 1t VIII only he necessary for us to SHOW our
Es ana prices secure liberal patronage; and sbopld
any person ever receive any other than the most polite
ana gentnany treatment FROM any one in cur ennulnv
they VIII confer favor by reporting it at once to some
member of tbe fra. ~ SUNNI


JENKINS, HAMILTON.& Co.


Successors to B. l.. HARDoN & Co LAG Main St
D. nAhDON, @. w. HAMILTON
II JENhlNS, G. A. WHITE
Worcester July %, 1856. al dtf
CLARK EG'S FEM ALE pFFrS


TIE GREAT ENGLISH REMEDY
Prepared from Prescription OF Sir J. Clarke NJ D.
MUSICIAN Extraordinary to the Queen


This invaluable medicine is uufaling in the cre If all
those painful and dangerous disorders to which the f.
male hutton is subject 1t moderates all excess and
- ~ A0isu


TO MARRIED LADIES
1t is peculiarly suited 1t will in a short fine hin, ON
the monthly period with regularity. ga
Each bottle, price One Dollar bears The Govarrr,art
stamp OF Great Britain, to prevent counterfeits


CAUTION


These Pills should not be taken bg females net a ""a
pregnant during the first three aaoA ihs as ev ar s,r
10 Ihg on miscarriage but at every ether time and in
every other case, they are perfectly safe.


sole Agents for the United States and Canada


l. Q BALDWIN d CO., Rochester N Y
IUIILE MOSES, Auburn, N. Y, GENERAL AGEETs
~ b. 81 and six postage stamps enclosed TO anv an
thorzed Agent, well insure bottle of the Pills Nv rSt
mail ~ ~ ie'Hih
For sale by one druggist in every t,y, II, 49,, rr.,,",ADS_REPRO
/scratch.hpc/nicola.barban2/data/AS_dataset_raw/year_1857/faro_1857/1857-07-23_p2_sn85040308_00514151362_1857072301_0530.json,1857,24,23,\bm[i1]scarriage\b;\b(?:m|rn)[i1]scarr[iIl1]age\b,"THE GREAT ENGLISH RENE DYl


sEs JAMES CLARKE's
CELEBRATED FEMALE Pill LIS","y q l. u Is II Il L = ~ 4 u IL q Il u IL LID
Prepared prescription OF Sir James Clarke, n
Physician Extraordinary the Queen. This Invaluable
Medicine unaiIing in the Of all those painful and
dangerous diseases incident TO the Female constitution
If moderates all excess all distractions, and
rings the monthly period with regularity These Pulls
hould be used three preyo-s confinement
aey forty the constitutions and lessen the suffering ursg
a5or enabling the mother perform her with
y TO herself and child.


These [s should not be taken Jg females curing ne
FIRST THREE K0YT1S OF Pregnancy. as they are
to bring Miscarriage 1Et atGRy otter time hey
IRE sgfs.


Ia all a nervous and spinal affections, pain In the
Back and Limbs. hesviness fatigue slight exsren pal
taton or the heart, iowness Of spirits. Mysteries, sick
headache whites and all the painful diseases oceasoned by
diserdered SYSTEM these Pills viz effect cure when al
Jther means have failed and although powerful remedy.
10 contain iTon esiome. annony, any other nine
raj.


Fun directions accompany each package.
Sole Agent for the United States and Canada,


JOB NOSES


tLats l. c. Baldwin { Col


Rochester, n n
y. B.--siee and sessags stamps enclosed to any au
horlzed AgeDi, VIII bottle Of the Pins by return
mail.


Fer sale by Staskwensher d CO., r.. Rohsa@sa
A. =. steele. and =. Clark = son, Ksnosis.
md ~ preggat generally, throughout tbs uss States
kc1-@S",ADS_REPRO
/scratch.hpc/nicola.barban2/data/AS_dataset_raw/year_1857/faro_1857/1857-11-21_p3_sn82015672_0029602191A_1857112101_0331.json,1857,45,44,\bm[i1]scarriage\b;\b(?:m|rn)[i1]scarr[iIl1]age\b,"TIE GREAT ENGLISH REMEDY,


SIR JAMES CLARKE'S
CELEBRATED FEMALE PILLS.","
Prepared from prescription Of Sir James Clarke. NJ
d., Physician Extraordinary to the Queen. This in
valuable Medicine is unfang In the Of all those
painful and dangerous diseases Incident to the Female
constitution.


II modeates all excess, all obstruction. and
brings on the monthly periods with regularity. These
Pills should lie used two three weeks previous
Confinement; they forfy the constitution and lessen
the suffering during alr, enabling the mother to per.
form her duties with safety to hersef ami child.
These Pills should mt lee taken by females durng
the FIRST THREE MONTHS Of Pregnancy, rs they
are to bring Miscarriage, but any other time
they safe.


In all eases Of Nervous and Spinal Affections, Pain
in the Back and Limls, ueaviness, Fatigue on Slight
Exetion Palpitaon OF the Heart, Lowness Of Spirits
Mysteries, Sick Headache, Whites and all the PAINFUL
diseases occasioned by disorlee system, these pills
will effect cure when all other means have failed and
although powerful remedy do not contain iron
calomel, anthony, any other mineral.


Full directions accompany Ing each package. Price
in the United States and Canada. One LoIiar.
n. B.-slpJ and postage stamps enclosed to any
authorized Agent, will insure hottie of the Pills by
return mail. W. w. ROBERTS, indianapolis,


Sole Agent for Indiana.


HALLOCK STODDARD,
ap21 5i-Iyis General Agents. Evansville.",ADS_REPRO
/scratch.hpc/nicola.barban2/data/AS_dataset_raw/year_1858/faro_1858/1858-03-04_p1_sn84024738_00202191022_1858030401_0215.json,1858,61,60,\babort[i1][o0]n\b,,"The New York papers, In the absence of murder,
s.ductiou aud abortion cases, are making sensa,
tIon articles upon the religious resivals now in pro-
ersss In that city,",ART
/scratch.hpc/nicola.barban2/data/AS_dataset_raw/year_1858/faro_1858/1858-06-03_p3_sn85026945_00202194278_1858060301_0803.json,1858,50,49,\bfemale[ -]?obstruct[i1]on\b,"THE LIVER
Z M VI OR ATo9.
PREPARED BY DIR. SANFORD,
dad","L N "" Z @ q H a O n i:
PREPARED BY DIR. SANFORD,
Compounded entirely from GUMS,
| S one of the best Purgn,ive and Liver Medi.
cines now before the public, acts as Cathar.
tc' easier, milder, and more elFcctual than any
o;her medicine known. 1t is not only n Cathar.
tic, but Liver remedy, ucting first on the Liver
| To eject lis morbid matter, then OH the stomach
and bowels TO carry off that matter, thus accom-.
p!lshing two purposes cifectually, without any of
tne painful feelings experienced in the operation
OF most Cathnrlics. 1t strengthens the system at
the same time that it purges it and when taken
daily in moderate doses, will strengthen and


build It up with usual rapidly.
The Liver is one of the principal reru,ators
OF the human body; and when it performs its


functions We'll, the powers Of the system arc
lnlly developed. The stomach is almost on


ureIy dependent on the healthy action of the


'IVer Tor the proper performance of its functions
y when the stomach is at fault, the bowels are


at 'iu'' ana the whole System suffers in consc-
q quencr ofonc organ-the I.vcr-havinr ceased
/"" do its duty. For the diseases of that orpan
r one oi the proprietors has made it his study in
= practice OF more than twenty years, to find


somo remedy whercwith to counteract the
y many dcrangementst to which il is liable


=, 10 prove that this remedy is at last found.
4, any person troubled with Liver Complaint. in
nany ofts forms, has to try bottle, and con.
a viction is certain.


v These Gums remove all morbid or bad mat
1, ter from the system. supplying in their place
y n healthy flow of bile, invigorating the s,om


ach, causing food to digest we'll, purifying the
n blood. giving tone and health to the whole ma
, chinery, removing the cause of the disease. ef.
D fecting a radical cure.


bilious attacks are cured, and, what ia bet.
n ter, prevented by the occasional use of the Liver
f lnvigorator.


=, Ons'dose after eating is sufficient to relieve
n the Stomach and prevent tho food from arising


and souring.


=, Only one dose taken befor., retiring. prevents
Id Nightmare.


Only one dose taken at night loosens The
n bowels gently, and cures Costiveness.
n One dose taken alter each meal will cure
4 Dyspepsia


= cB- One dose of two tea-spoonfuls will al
, was relieve Sick Headache.
n One bottle taken for female obstruction re-
, move the cause of the disease, and make per.
n feet cure.


Only one dose Immediately relieves Cl,olic


Willis one dose often repeated is sure cure for
% Cholera Morbne, and preventive of Cholera


cB- Only one bottle is needle to throw ont
of the system the effects of medicine after long
A sickness.


n gB- One bottle taken for Jaundice removes
all snllowness or unnatural color from the skin


One dose taken short time before eating
gives vigor to the appetite, aud makes food
a digest well.


v One dose often repeated cures Chronic Diar
rlra in lis worst forms, while Summer and
n Bowel complaints yield almost to the first dose
One or two doses cures attacks caused by
2 Worms in Children: there is no surer. safer.
- or speedier remedy in the world, as it never
4 fails.


q rY- A few bottles cures Dropsy, BY exci,ipr
:. the absorbents.
U We take pleasure in recommending this


medicine as preventive for Fever and


Ague, Chill Fever, and all Fevers of Bilious


Type. II operates with certainty, and thou


sands are willing to testify to it's wonderful vir-


tues


All who use it are giving their unanimous testi.
mony in-its favor.


U Mix water in the mouth with the Inyipor.
ator and swallow both together.


TIE LIVER INv1aoRAToR.
Is scientiis Medical Discovery. and is ds;lv
working cures almost too great 10 believe H.
cures as If by magic, even the first dose giving
benefit and seldom more than one bottle is reauif:
cd tocure any kind of Liver Complaint, from the
worst Jaundice'or Dyspepsiato common Head-
ache, ali Of which are the result of Diseased
Liver. s.sss al g.


Price, OnelD Dollar, per bottle.
sANFORDr& CO., Proprietors..5s
~ 9 S4S Broadway New York
WHoLrsxLE AoENys. <fsfss


BWnes & Park, New York; r. w. Dyott Il
SONG philadelphia; d. IS. Burr q Co., Boston /;
HaH Hay n Go, Pdrtland; John D. Park, Gin.
cinnati ss4lord q Hammond. Cleveland -
Fahnse q Da&s, Ghicago; o. y. Wood q.
Co, Sts Louie; George d. Ksyser, Pittsburr.
9. 9 Hancs Bsltimofs. Aud retailsd by iii
Drugsists xss. -. =. .s:' s


JORDAN d MoLAUcALIN,l kbbeyiIIs ""a
RRlNdG
+ gnL ~ sINg4Is1 Cel1mbia.. sc 81 ~ 8. IS.
!. Feb &. .sIsss :. ID:
Pilot oken, Or q Fenlal Friend. ].
d NEW SIMPLY jast received md fore ssis
. 81 .yQIsI,A u asIsxuofihrr. IL 81
March lssss Z sss aS.sf ~ 3",ADS_REPRO
/scratch.hpc/nicola.barban2/data/AS_dataset_raw/year_1860/faro_1860/1860-06-11_pNone_sn82014511_no_reel_1860061101_0002.json,1860,15,14,\babort[i1][o0]n\b,,"THE TWO HOMESTEAD BILLS.


Tno Homestead Bill may be considered as
dead for this session Ct Congress- Tho Com
mi,tco Of Conference cannot agree. The Pro-
Slavery Democratic Senate refuses to accept
the excellent bill which passed the Republican
H~uso by two-tli.ds vote, but insists upon
the enactment offs abortion. The Democrats
in the Senate, will tTo or three exceptions,
are hostile to the principle Of tho Homestead
measure. Their objection rests upon the
grounds that it would have q tendency to
bsne fit the white latoriDg classes, and assist
in converting the Territories into Free States.


The Homestead Bill which passed the Sen.
Ate, is comparatively worthless, mud was made
50 for the cypress purpose Of being rejected by the
Republicans IF the Hoase. Poor as it is, it
would not hare received lie support Of tue
Democrats Of The Senate, hnd they supposed
tue House would have accepted the lame and
impotcEt thing. The main points Of differ
snce between the Republican House, aud Dem
ocratic Senate bills, may be briefly stated,
thus:


l. The House bill provides that all Govern
ment lands shall be Withdrawn from market,
aud no longer exposed for sale to specu1ators
and no1-resldents; but shall be consecrated
~ homes far actual ec,tlera without mon
ey or price, save the trining fec for surveying.
-~---a:. +. on.l rataut


The hate bill continues to leave tho pupuc
lands open to spectators aud land monopo-
lists, 10 sort out and secura tho choice quar-
tors and sections, and hold them out Ct mar
ket unit! :he hardy, 1oilscme pioneer has i'm
proved the country and filled it up with habi-
1a!ions and villages and thereby rendered al
the unoccupied lands valuable. This single
baneful provision Of the Democratic bill, de-
faats ia great degree, tie very eesence Of the
homestead measure, which il, to put IN end to
laud monopoly and absenlocism-the curse Of
nil Le"" States, as Iowa, Wisconsin and Min
oesoia can testify.


II. The House bill permits any head Of a
family OF sirgle man. 81 years Of age, to select
a.d scttle upon quarter section Of public
lani


The Senate bill cuts of all unmarried men,
mad confines the privilege to heads Of ami-
lies. There is no good reason for this dis
cFinaiuatian. The tendency Of the House bill
would be, 10 induce unemployed, single men,
doy~1aborers, tr=mping jours aud other loose
foarsd, unsettled persons, to strike bee-linc
Tor tile West, squat on quarter section Of
publ. land, put up cabin, fence in 4 garden,
plant out a crop, and then send for, or 70 at.
ter the girl he left bahiud him. and bring her
back with him to help improve, possess and
enjoy lis 1C0 broad acres Of free soil. The
men, in the senats bill, was to reduce the
number Of possible bcueGciari:s, md narrow
doSn the benefits that might accrue TO the
white laboring classes.


Ill. The House bill allows emigrapt for
eizneJs who hare declared tEeir intentions in
Courl under oath, to Eecome American citi.
@ens, 10 enter u quarter SECTION Of land; and
aft:r residing OF it for five years continuously,
and having b.come raturalized, to obtain from
The Governme. j; Il patent.


Ghe S.na.o bill confines the entry Of land
10 nn.iye born and natHrali=ed citizens
THIS object being 10 discourage emigra~
ton, snub tie foreign born md please the
Know.Net.ings. As few Democratic Irish
become farmers. the blow was aimed at the
Germars and Scandinavians, who arc mostly
Republicans.


"". The House bil permits prc-emptors
to enjoy the benefits Of the Homestead mca-
sure, snd to keep the lands on which they
live, without paying the Government $500
therefor. -


ne,scnato biu excludes pro.cmptors, and
cenp:ls them either ,v abandon their claims
or pay ille full 6 vorrment price. The House
bill would send relief and joy to tens Of thou
sauds Of poor Western pioneers, who are
soreiy pressed to procure the money to pay
for their la3de. TIE Democratic bill Of the
Senate elnps them in Tie face, and tells them
to pay the uttarEost farlhing or suffer tie
rigors Of ejectmeht. How the Democratic
uaoobs lotc lhe poor man


2. Tic House bill provides TINT tho alter
nate sections of the reserved Railroad lands
now hs!d at double price (Se.5o) shall he open
to Homestead entry and settlement in quanti-
ties Of so acres to each person.


The Senats hill excludes those lands from
the cm:grant Of sranty *mcans, and reserves
them for the speculat!ng lind grabber. There
are millions Of acres Of those lands in the
west:1n States, which, # taken up and itn-
proved By bnna ido em:srants, rs would be the
case under the operation Of the House bill
would crnble the railroad companies to far
uore speedily build their respective land grant
roads. What railroads most require is porn-
latisz, farmers and mechanics along their lines
to give them business and furnish them with
freight and passengers.


There arc other points Of difference be
tween the House and Senate bills; but
the foregoing arc the main ones. It
will bs seen that the Democratic bill is a
xhsst1y skeleton without flesh On it's bones
1s's a humbug and cheat and should be
secuted and repudiated by every ono who
wants something better than husks On the
contrary, the Republican bin is manly, bens8-
cent measure, calculated 10 confer immense
benefits on tue laborirg classes, and to pro-
rnots Tho general prosperity Of the nation.
But ths everlastiug Niger stands In tho way
Of ite paasags. Mike 1t q Law, md not only
would the la13oripx classes, hated and despi1sd",OTHER
/scratch.hpc/nicola.barban2/data/AS_dataset_raw/year_1860/faro_1860/1860-09-27_p2_sn84020071_00414182999_1860092701_0538.json,1860,4,3,"\bavoid(?:ing)?[ -]?(?:conception|pregnancy|offspring|children)?(?=|[-–—:;,.]|'s)",The Fair Next Week.,"The Twentieth annual exhibition of the Litch. field County Agricultural Society, commences on Wednesday of next week, and holds two days.

 We need only call attention of those interes ted to the date, and we are sure that the farmers manufacturers and stock-growers of the county will do the rest,to make this the most successful fair ever held in Litchfeld.

 Last year the very unfavorahle weather seri- ously interfered with the pecuniary success of the exhibition, and the committee have thus changed the time of holding the fair, to the first week in October, to avoid, if possible, the chan ces of poor day, and at any rate to be after the equinoctial storm rather than to have it afte, them.

 Already larger number of animals of the cat tie kind have been promised for the exhibition than usual, and the society hope to secure a large attendance of fine stock horses to add to the interest of the occasion.

 The Committee, however, have done well to offer the greater proportion of their premiums for the best stock other than horses although these have not been disregarded,-an for the produce of the farm, the loom and the workshop, rather than for fast time on the track.

 Their Society is an agricultural one, simply and they advertise Cattle Show and Fair, and not horse fair, or an exhibition for horse. yacing. Farmers and others will note this, and be more ready to bring their stock and their wares to Fair where they will be properly no ticed and rewarded, according to their merit in their various classes. There will be horses too, and fine enough, and fast enough, without going out of the States to find them.

 The address of Gov. Holley on Thursday, is looked forward too with fattering anticipations, which will we doubt not be abundantly fulfilled.

 The Plymouth Brass Band have been secured to enliven the Fair with their excellent music and concert of Ltchfeld County singers-one of the kind of years gone by-is announced which will give great additional attraction te the occasion.

 It is desired particularly by the committee that there should be large display of Fruit al the Fair, in recognition of the abundance of tht season, and certainly nothing will so largely con tribute to the interest and elegance of the exhi bition, than @ successful display in this depart ment.

 Altogether the exhibition promises to be thu most interesting and rewarding Fair thatthe Agri cultural Society has held in years, and we advise all of our readers in the county, who have an in terest in contributing to and visiting an old-timt Cattle Show, and who have the honor and wei fare and prosperity of the county at heart, tt come up hither, bri: ging their sheaOes with them and their wives and children, their stock ant produce, and the stranger that is within thei gates!",OTHER
/scratch.hpc/nicola.barban2/data/AS_dataset_raw/year_1861/faro_1861/1861-01-26_p2_sn84026845_00202190674_1861012601_0093.json,1861,33,32,\bfemale[ -]?(pills?|safe(?:ty)?|remed(?:y|ies))\b;\bfemale[ -]?p[i1]lls\b,Female Health! F9T6aIe Health!,"Thousands Of Ien.ales sung from deransementS
peculiar to the seq, Plrst, and most cOAmOh among
these is, FENILE wE1ESns n wHnns, OF LErUoRl.i
HEA. with It's constant attsnn ts Lassitude, Pros
trution, lame Weak Back, aud General Debility.
No be entirely we'll who thus suffers, and In
hundreds Of cases health Is utterly undermined.
old-schOol medicines and drugs do but little good-
Otten much injury; butlHuNPHREYs' SPECIFIC
HOMEOPATHIC FEMALE PILLS are Just the
thing. relieving prompty, ard curing permanently.
dollars worth viii d more good than quarts Of
nostrums, sig months attendance on a doctor.
six boxes for 81. singli boxes % ets.


MIA full sst otlIp lPHhEYs' HOaLEOPAPHTc SrE.
cITica, with Book OF Dctlons, and twenty different
Remedies In large vial, nOroeoo case. S; do. in
plain eaSs. 81; cass Of h4ssn boxes and bool, g.
These Remedies, by fhs single box CASE are sent
by mail or express, ND Of charge, to any address, on
receipt Of price. AddSaaS


DIR. HUMPHREYS CO.,


81 .Sa7 Broadway, New YORK.
Sold by LArdIILINS BUsuFIEDD,
jams No.'4 Main st.
Observation-Disclosures


Cures the WORT eases Of scrUfula.
DRESTLINGERs SARA IPARILLA { DANDRLloN


Cures Eryslpal,s, letter and Dolls,
BRENTLING ENssARkAPAIllLLA& DANDELIoN


Cures all EEuptIons In the Skin.
DRESTLINGE Rs sARSAPARILLA &DANDELIoS


Cures Liver Complaint and Dropsy.
DRENTIINGER'ss ARt APARILLA &DAEDELlON


Cures Dyspepsia and Sour Stomach.
BRESTLISG ER's sARsAPARlLLA& DANDEL.ION
Parides the Blood and entirely eradicatesall Mer-


curry and impuHueI from the system.
BRESTLISG ERis sARs APAR1LLA& DAHDELIoS
Is pleasant to the tastSAnd Is entirely Vegetable
BRENTLINGE KRIS ARSAPARILLA 1 DANDELION
Ispronouneed BY Ptsta5rians the best AlteEant


they havPpyer prescribed.
Prepared by Y. A. BRRNTL1NGRR, Market ST.,


No l6l, Wheeling, Va.
Sold by Reed 1 KrnTIl Centre wheeling,


7. II. Logan Co., Main 1t.


Logan. List / Coz IS
and Druggists generally dOcl0",ADS_REPRO
/scratch.hpc/nicola.barban2/data/AS_dataset_raw/year_1861/faro_1861/1861-06-08_p4_sn83045462_00280654164_1861060801_0621.json,1861,4,3,"\bavoid(?:ing)?[ -]?(?:conception|pregnancy|offspring|children)?(?=|[-–—:;,.]|'s)",,"SNAKE STORY During the Flo rida wal, ,""
said the speaker, - was In the American army.
One day shouldere2 my gun, and went in pHrt,
suit of game. In passing through swamp, |
saw something few feet ahead Of me. lying
upon the ground, which had every appearance Of
a log, II being some forty feet in length, and
about one foot In diameter. so positive was I
that II was nothing but log, that paid no at
tention to il; the fact Is, would have sworn be-
fore court of Justice that Ii log and nothing
else You see never heard of snakes growing
TO such huge dimensions, and the fact Is, never
should have believed IL If had. Well, between
me and the log-as l took 1t TO bc-was a miry
place, which Ii was necessary for me to avoid.
therefore placed the butt of the gun the ground
ahead Of me, and springing upon 1t, lit right on
top Of-what do you suppose""


""A boa constructor, % said one.


@Non


IAN anaconda"" said another.


G No""


""whaf, then could II have been,n said third


""Just what supposed it to be-a log"" said
tie wag.",OTHER
/scratch.hpc/nicola.barban2/data/AS_dataset_raw/year_1862/faro_1862/1862-12-16_p1_sn83021205_00517172157_1862121601_1185.json,1862,35,34,\bcharl?e?s?[ -]?knowl?ton\b,INTERNAL REVENUE NOTICE.,"CoLLEoToR's OFFICE, sTH DISTRICT, MASS 4


No. 2lS Main street, Worcester, Nov. 26 1862
Public notice is hereby given that the annual coffee
ton list of duties under the Excise Act of the
United States has been received from the Assessor Of
said District, and they due anc payable The
Collector or some one of his Deputies will attend to
Piled from the fifteenth until the twenty-seyenth day
of December next, at each of the following places to
For Division No. I-consstlng of Worcester, Auburn.
the Collectors Office No. 2ls Main street. Worcester
For Division No. 2-conssting of Holden, Rutland,
Charles Knowlton, in Holden.


For Division No 3eonsisting Of North Brookneld,
BroOkfed. West BrooBfee, Warren and Spencer the
office of Eli j. Whittemore, IN Spencer.


sPb1ge pade soatbbsaass al and Webster az b
office Of Andrew bartholomew, il Southbridge;


For Division No. 5-consisting of Grafton, Albury,
sutton and Norhbridge, at the office of S. Davis Hall,
For Division No. 6-consisting of Milford, Upton,
Marlborough, scarborough and Westborough at the
office Of j. Dexter Hunt, in Milford


FOR DIVISION No. 1-consisng of Blackstone, Mendon,
UXbrdge and Douglas, at the Office of Stephen S. Ben
son, In Blackstone


Peterborough, Bellingham, Franklin and Midway, at the
Office Of Charles Mason in Walpoe, in the county of
The Deputy Collectors will to facilitate the collection
of said tax in most cases. VISIT the several towns in their
respective divisions, during time and will give due
notice of the time when such visit will be made The
ors and fully authorized collect all taxes and du
es under SAID aSt in their several divisions For Di'
No 3, Eli J.. Whittemore; No 4, Andrew j. Bartholo.
I, Stephen $. Benson; No S, Charles S. Mason


Notice is also givss that the Collector Will attend to
receive said tax from such choose pay him
personally, at the Collectors office. in Worcester on
the fifteenth day Of December next and at the office of
Charles Mason, at Walpoe, in the county Of Norfolk
on the seventeenth day of December next. At all other
times the tax must be paid to the Deputy of the division
in which the tax payer resides


All persons who shall neglect to pay the duties and
taxes assessed upon them within the time above named
are liable under the 18th section of the pay ten
per cent additional upon the amount thereof which
cannot be abated, and must in all cases be paid.


Adm TuAYER,


Collector Eighth District of Massachusetts.
La .riI-nIa AlanAI",OTHER
/scratch.hpc/nicola.barban2/data/AS_dataset_raw/year_1862/faro_1862/1862-02-10_p3_sn84023210_00202197656_1862021001_0368.json,1862,4,3,\babort[i1][o0]n\b,FROM THE SOUTH.,"Rs1,;mor,. Feb S.--Thc Norfolk Dan Book
e Yesterday has the following


Knoxville. Tenn. Feb. 5.--On Sunday,
f;ant COL Whites Tennessee infantry encoun-
tered A; force Of Lincoln 3 infantry, under Capt.
Duncan, l., Morgan county, Tenn. estimated at
,,on, 100 TO 300 on the mountain side. COL
White charged them and Obliged them 10 re-
,r,at Cart. Duncan rallied his men twice.
lie wus Gnaly Shot in the head by a lad Is
,.rs al agr. The Federals then fled in con(u-
,on leaving seven dead.


The Savannah Rtpudiican Of the 30th says


The glass revealed yesterday no near move
scents Of the Federal vessels lying in the cut
North OF the river, beyond an additional num-
,.r. Some iuasne they have moved nearer to
III, river. bat we could discover no change of
postion. 1t s stated that they hav. not yet
reached Wall = cut, but they are lying in the
RIVER beyond That doca not communicate with
the main channel, yet ses7eis occupying such %
,o.i,on ,;ln readily command the passage. 1t
nss been stalru that the portions Of Mud river,
which leads To Wallis cut into the Savannah
river, goc- dry az three quarters ebh. and that
Isl Yankee gnnboats snonid pass all the OBJ
structlons they would not be able to come
through.


u There II nothing new from o.l.cr points of
he coast


The Richmond Dispatch says The Burnside
expedition will have at least the effect Of max
ing Ms look well 70 our delences in that quarter
Roanoke Island should be made impregnable.
All onr batteries there and elsewhere should be
provided with bomb proof covering. The chan
aels should be Instructed, and no ;ncans should
be unemployed to ioil the enemy.


The Norfolk Day Book commences Il solemn
editorial, giving melancholy account Oh the
Nerrimac, 10 he following strain "" We have
scarcely patience enough left to condemn IN
empcratc language the reckless improperly Of
Two Of our contemporaries, who have seen fit in
their thirst tor notorietv to thrust before the
public the fact that the Meryimac has proved an
ABORTION it also says the Merrimacs great
trait o! wa;cr would prevent her active opera
tons, and this draft, originally ~ feet, has been
considerably increased. The editor comforts
himself that, at al! events, she can be used ~ a
aaa'ins battery.",OTHER
/scratch.hpc/nicola.barban2/data/AS_dataset_raw/year_1863/faro_1863/1863-03-10_p3_sn84023210_0020219767A_1863031001_0232.json,1863,20,19,\bm[i1]scarriage\b;\b(?:m|rn)[i1]scarr[iIl1]age\b,"THE GREAT ENGLISH REMEDY


SIR JAMES CLARkE'S
CELEBRATED FEMALE PILES.","THIS invaluable medicine is unfailing in the Of all
those painful and dangerous diseases incident to the
female constitution.


1t moderates all and all DISTINCTIONS
from whatcver cause, and speedy may be relied



To Married Ladies
it is peculiarly suited 1t will in short time bring
the monthly period with regularity.


CAUTION.
These Pills should not be taken by females that
pregnant, during the FIRST THREE MONTHS, as they
are sure to bring on Miscarriage but at every other
time and in every other case, they perfectly safe
In all cases Of Nervous and Spinal Affections, Pain in
the Back and Limbs, Hcavness Fatigue slight
tion Palpaton OF the Heart Lowness of Spirits Hys
teric Sick Headache Whites and all the painful dseas
accustomed by dorganzed system, these Pills will
effect cure when all other means have failed.
Full directions in the pamphlet around each package,
which should be carefully preserved.


bottle containing 20 pills. and encrcled with the
Government Stamp Of Great Britain pest free
81 90 and postage stamps.
sold by all Druggists. nov2Sl y&mwl",ADS_REPRO
/scratch.hpc/nicola.barban2/data/AS_dataset_raw/year_1863/faro_1863/1863-09-02_p3_sn83016025_00279525176_1863090201_0061.json,1863,23,22,"\bavoid(?:ing)?[ -]?(?:conception|pregnancy|offspring|children)?(?=|[-–—:;,.]|'s)",Arrival of the Steamship Africa at Halifax,"HALIFAX, Sept. /.
The steamship Africa, Capt. Stone, from
Liverpool at noon of the I'D, and Queens
town 23d, arrived here at hali-past twelve to-
day.


The U. S. Consul at Frankfort had display
ed the Mexican flag. The Europe of that
city explains, that it is In pursuance of an ar
rangement, by which, in case of the overthrow
of the Republican authority in Mexico, Presi-
dent Lincoln would allow Mexico to be repre-
sented in Foreign countries, by the agents of
the Washington Government


The Europe refers to the fact that in March
last, Mr. Seward declared that Mr.. Lincoln's
cabinet would never tolerate a Monarcbia
Government in Mexico, and anticipates an
immediate war, If Louis Napoleon does not
confne himself to a demand for indemnity,
and leave Mexico a republic.
| GREAT BRITAIN.
In Great Britain, nothing is known of the
movements of the Florida since she was last
seen off Tuscan, on the evening of the Goth
| ult. Various speculations had been afloat as
| to the object of the Florida's visit to British
waters. One report was, that it was for the
| purpose of taken on board Mr.. Mason, who is
about to return to the South.


Mr.. Mason, it is announced, had gone to
Ireland, on visit to the Earl of Donough-
more.


The Gazette says the silver bars taken from
the b. f. Hoxie, will be restored to the origi-
nal consignees. The silver was shipped by an
English house, and insured in London to the
full amount.


1t is also stated that the commander of the
Florida, on hearing of the fact, resolved to re-
store it to its rightful owners.
The Times, of the 22d publishes long ex-
tracts from the correspondence between the
governments of England and America, touch
ing the restrictions on the trade between the
North parts of the United States and the Ba-
hamas.


The Army and Navy Gazette says it is graf
flying TO know that the Government is not
blind to the danger of difficulties with Aneri-
ca, nor is it Indifferent to the perils of run.
tire, which, we trust, the good sense of all
respectable americans will aid us in avoiding.
The same journal says that it is with no
wish TO fiatter the great republican tyranny,
which is now raising its head on the North
American Continent, that ii again records its
conviction OF the ultimate success of the mil
itary means the North has set TO work to crush
the heroic efforts of the South.


IL Lee we're now able to give Touchdown
blow and seize Washington, or even il he ut
terly routed the army Of the Potomac, the eff
feet would be so great, that another year would
be gained, and with it, who knows what gain
might be obtained for the Confederates. But
should he remain inactive, or permit the feder-
al army to sweep round into his rear, to flood
the Confederacy, and overlap all his communi-
cations, Richmond may become mere cdput
mortud, and the South and all be lost.


The London Globe regards peace as still!
distant, but says the Issue is not doubled
The South may be mangled and exhausted,
but must win in the end-temporary defeats
10 the contrary notwithstanding.


The COME crate Loan, on the Dist, rallied
one per cent, closing at % 26.


FRANCE.


An Imperial decree has been published, con-
demnatory of the bishops letters on the sub
ject of the election. and declaring them an
abuse of ecclesiastical authority. The decree
declares that bishops and archbishops are not
empowered TO deliberate together or pass
common resolutions, without special permits
sion of the government.


POLISH QUESTION.
There is no news yet of the presentation of
the notes to Gortschakoff


Ten thousand Russian troops have been sent
into the Palatinate of Lublin.


The Polish leaders avoid engagements with
the Russian forces.


THE GERMAN CONGRESS.


The German princes continued In Congress
at Frankfort


The King OF Saxony had returned from his
mission to the King of Prussia, who repeated
his refusal to be present at the Congress, on
c>NNS ""a~""""y "" AuSai1.


SPAIN.


II is asserted that the ministry will not con-
slider the Mexican question until the archduke
Maximillian's decision is announced.


TURKEY.
Forced labor on the Suez canal is absolutely
abolished. Six months Is allowed for making
new arrangements.


Disturbances are reported near Damascus.


CHINA AND JAPAN.


Shdnghde, Jnly 4h.-The city is quiet
The imperialists have attacked and captured
the outer works.


Intelligence from Japan is to the effect that
the Japanese have paid the indemnity, and the
Mikads had issued orders TO expel foreigners
and close the ports.


The loss of property by the earthquake at
Manila was forty million dollars.


--latest via. Queenstown.


Frankfort, Aug. 22d.-The conference of
the Princes opened at II o'clock this forenoon.
II is expected the decisive resolutions will be
arrived at.


The newspaper report that the Emperor's
speech was altered before publication, is ofic-
tally contradicted.


Parts, Aug. 22d.-The Courier du Denim
che says the notes of the three powers are
identical in their conclusion. They call upon
Prince Gortschakoh to give serious attention
to the gravity of the situation Of Russia, and





ed by their friendly counsels, she will become
responsible for the serious consequences which
the proongation OF the war with Poland will
bring about.


Berlin, Ang. 22d.-Queen Victoria will pro-
coed TO Pottsdam for few days, in conse-
quence Of an invitation received from the
crown Prince and Princess of Prussia.


Liverpool, Aug. 22d.-The official CORES
pondence published by the Times to-day. re-
garding FEDERAL interference in the trade with
the Bahamas, winds up with letter from Earl
Russell TO Lord Lyons, dated July 18th, in
which he says the British government had
seen reason TO hope that the interference of
the United States government would have
been discontinued under the representations
from the British government; <but such not
being the case, he lRussellD instructs Lord
Lyons TO address a fresh remonstrance to the
United States government.


",OTHER
/scratch.hpc/nicola.barban2/data/AS_dataset_raw/year_1864/faro_1864/1864-07-06_p1_sn85025182_00212477898_1864070601_0010.json,1864,10,9,\bfemale[ -]?(pills?|safe(?:ty)?|remed(?:y|ies))\b;\bfemale[ -]?p[i1]lls\b,"Oct 81, lses.-sm.","BELLS SPECIFIC PiLLS-Wara,ed
in all rssss. Can be relied onl Never faia
10 cure Do rot nauseae Are speedy
IN action No change Of diet quued y
DO not interfere with business pursuits J
Can be used without detection Upward
of 200 cures the past month-oue of them
very .ayere cases. Over one hundred ply
sicians have u-ed them in their practice,
aud all speak well OF theirefficacy, aud ap-
prove their conn position, which is entirely
NegsIabIe, aud harmless on the system
Hundreds OF ten lffrates can be shown.


BeiPs Specific PILL are the original and
onIy genuine Specific Pill. They are
adapted for male and female .od or Young,
aud The ouIy rrIiabls remedy Tor efecting
. permanent and .jeedy cure in all cases
SpermaroIrhea, or Seminal Weakness, with
al nstrsin Of 6 lis. such as Urethral and
Vaginal Discharges, the whites, nightly or
: iny0lunfary Emissions, Incontine ence GEM
taI Debility and irritabllity Impotence
Weakness or loss of Power, nervous De-
Aoiisiiify &c, all of which arise principally
from SexueI Excesses or self-abuse, o.
some constitutional arrangement, aud n
capacilstes The sufferer from fulfilling the
duties of married life. 10 all sexual DIS
eases, ,Gonofrhea, elect and Structures, and
in Diseases Of the Bladder and Kidneys,
they act as charm Relief is expert.
enoed by taking single box.


Q
u.


They will be sent BY mail, securely seal
ed, AMI con tidentialy, on receipt OF the
money, by j. BRYAN. NJ. D.
No 76 Cedar street, New York,
Confulting Physicians for the treatment ot


Seminal Urinary, Sexual, and Nervous


Diseases, Who viii send, free to all, the


follow lng aiuab!e work, in sealed gu


yeIope:


THE FIFTIETH THOUSA3 -DR.
BELLS TREATISE Oh sell abuse, Prema-
ture decay. I'm poteuce aud loss OF power,
sexual disc asss seminal weakness, nightly
emissions, genial debiliIy, &c, &c,
paniphfst OF 81 pages, containing lmPor-
iant advice 10 The afflicted, and which
should ts read by every sufferer, as the
means Of cure in The ssverert stages Is
plainly sec forth. Two stamps required 10
pay postage.


Nov. %, l863.-1y,


4 IMPORTANT TO LADIES.-rr. Har-
vey's Female Pills have never Jet failed in
ssmax,ng difficulties arising from obsiruc-
hon, or stoppage Of natars, or IN restoring
the system TO perfect health when suffsi-
ing from spinal affections, prolapsus, Uieri,
Al. <vb1for- <r otb or an 90 k,.ass nj the ufsr-",ADS_REPRO
/scratch.hpc/nicola.barban2/data/AS_dataset_raw/year_1864/faro_1864/1864-05-13_p2_sn84028645_00280774704_1864051301_0051.json,1864,6,5,\bm[i1]scarriage\b;\b(?:m|rn)[i1]scarr[iIl1]age\b,,"our population suppose, and every hour
makes it stronger. Some apprehension Is
felt in regard to the number of troops IN
and around the city. On that point II
would be obviously improper to state par
ticulars. We may be very sure, however
that heavy reinforcements are at hand
They may not arrive in time to prevent the
enemy from achieving temporary success
such as the burning OF bridge, and the
capture of an outpost, but they can come
soon enough to punish the enemy for hl'
temerity. We expect for several days tc
come an unwonted degree of excitement
and many startling and alarming Iumors.,
Are We Prepared.


[From The Richmond Whig May e.l


Suppose the battle between Lee and Gram


Is indecisive, or suppose the .enemy gan
such advantages as to compel Lee TO fai


back toward Richmond, are we at all pre-


pared for such contingency Candol
compels a negative answer. for we have
been so elated by success after success tha


we have not permitted ourselves to contem'
plate the probability of anything but vic
tory. This is not wise. The reaction from
the elated condition in which we have beer
for months past may carry us to the other
extreme, and at a time when the highest
qualities of manhood may be needed to re-
pair n temporary reverse we will be found
in state of supine dependency. We should
at once look OH the other side of the picture
and accustom ourselves to the idea OF
temporary miscarriage of our arms, and to
the requirements of such an event. While
the auspices were never more favorable fol-
Lee, the chances of battle are so various
and so much beyond human control that ii
is impossible to foretell with certainty the
issue of the pending engagement. A year
ago ""Stonewall' Jackson fell not far from
the spot on which Lee and Grant are about
to join battle. What If Lee should fall!
May Providence spare us this calamity, for
the people of the Confederacy are by no
means prepared for it.


We all know this, yet no one has asked
the question: What are we to do if Lee
suffers reverse, and is forced to Tall back
upon this city? Still less have we permit
ted ourselves to consider the consequences
of deplorable accident which may hap
pen any day. They have made up their
minds, unwisely, that the war must end
one way or the other this year, forgetting,
quite that there can be but one way. If
Lee should fall and his army be unsuccess-
full, we greatly fear that the majority of the
people would begin to look the other way.
But neither the loss of Lee, nor the re-
verse of his army, nor the two together,
will justify the contemplation of that other
way. Let it be dismissed at once and for
ever. Suppose Lee falls, we have Beaure-
gard. Suppose his army fails to drive off
Grant and has to retire, we have reinforce
ments and many excellent lines of de-
fense. Whatever betides, this is very
clear. Our independence must be won.-
Short of that we can never stop. There is
no middle ground, as Mr.. Leach fancies, be-
tween independence and subjugation. How
often have we proclaimed that the fall of
Richmond, and of all our cities, would not,
and should not, end the war. Do we still
stand fast to that proclamation, or are we,
indeed, ready to see the war end this year,
one way or the other. Perhaps at this mo-
ment the great contest on the Rapidan is at
its height, and before the setting of this
days sun, the wires may bring us sad
tidings. Should it so chance we must set
hard the teeth and rally once more to the
breach remembering that the cause for
which Stonewall"" jackson died may suf-
fer thousand reverses, but can never fail
The mishaps of to-day may be repaired to-
morrow, and in the end we will, for we
must, triumph gloriously.",OTHER
/scratch.hpc/nicola.barban2/data/AS_dataset_raw/year_1865/faro_1865/1865-07-13_p3_sn86059181_00296022056_1865071301_0406.json,1865,9,8,\babort[i1][o0]n\b,Trade Convention,"DETRoTT, July I2-The Trade Con-
vention re-sssembled this morning, aud
the bal nee of the committees appoint
! ted. Mr.. Scalman, Of Chicago, offer
ed resolution to change the basis of
holding so as to make it according to
the population of cities


The resolution was rejected


Mr.. Seaman then mounted on a seat
and re al a protest against the action of
the Convention, and concluded with the
declaration that the Chicago delegation
would withdraw from the obligation in
consequence Of it.


This led to a great tumult.
The President read 8 resolution rails
ing special committee TO consider the
subject of representation.


The Convention then took a recess.


SECOND DISPATCH.


Among the resolutions proposed was
one for thu decimal system OF weights
and an uniform system of measuring
liquids IN the several States.


A special committee on Represen ta-
ton reported that each State shall have
an equal number of votes as each State
has IN its Electoral College, deducting
therefrom one vote for each representa-
zion, the chairman of each delegation to
determine the manner in which the re-
manning votes of each State shall be
given.


The Chicago delegates expressed their
satisfaction with the arrangement, and
withdrew the protest.


Had not this arrangement been effect
ed, Buffalo would have gone with Chica-
90, and the Convention would have been
an abortion.


Messrs Mechisney and Scammon, of
Chicago. Irwin, OF Albany, Layton, of
Missouri, Hall, of Boston, Bridge, of
Detroit, Dale, of Bangor, Sabine, of
Massachusetts,, and Prentice, of Maine,
were added to the Reciprocating Com
mittee.",OTHER
/scratch.hpc/nicola.barban2/data/AS_dataset_raw/year_1865/faro_1865/1865-06-13_p4_sn85026002_00280775071_1865061301_0144.json,1865,6,5,\bmonthly[ -]?(pills?|regulat[i1]on|remed(?:y|ies))\b,"CINCINNATI vENEREAL HOSPITAL


Established in the Year 1850,","CINCINNATI VENEREAL HOSPITAL


Established in the Year 1850,


FOR THE CURE OF PRIVATE DISEASE
And under the control OF two OF the most EmineI


Physicians in the World. lsH0),
DR. Il, BONAPABTE, from London and Par
~ Hospitals, and for the past ten ears OF the Gil
cnnati Venerea Hospital, and Dr.. x. D. REYRoLpl
late ofNew York. This Is the only office in the eli
where a permanent cure Of Private Dlseases can 4
obtained, without the use OF mercury or change
diet. Gonorrh@a cured IN six to forty-two hour
Geet cured in three to ten days. Structures cured
one TO three weeks; Nocturnal Emissions stopped
two to SIX days. Seminal Weakness cured in two
eight weeks Syphilis In its primary stages cured
three days Secondary symptoms in one 10 thr
weeks; Skin Diseases cured IN one TO three weeh.
impotency. yiger restored in TO four weels:.
diseases OF private nature treated with unparalle
success, male or female. ...-f Lrar IL


DR.. Bonaparte's great work on private dlseeast'
the Private Guide to Health IL beneficial TO ALI me
and female old and young, should read this WORK.
will enlIghten those who grope In darkness PIT
twenty five cents, sent by mall ""a
DIR. Bonaparts's French Patent Male Safe II 4
perfectly saie and fails to give satisfaction.


is the only safe and sure preventive against discs
Price OF the French Patent Male Safe, 81 the sp L
one, 81 per half dozen, o. per dozen, sent by mail


nss- Madame LOZIER's Female Monthly Pills ~
safe and reliable remedy for suppressions and all
male diseases. Ladies' should not use them durlf
pregnaey, RS they will produce mlscaTriage. Price
per box--extra fine t5-sent to anY address by ms


Drs. B. a n, are the men 70 consult hey are ~
kings OF vnereal diseases, and the only Doctors
receive monthly IepoItsarom the Old world ~
have been accustomed from an early age Of youth (
witness the various diseases. hieh affiict manki


and 20 watch the progress through long career 4
professional study. In every sphere OF liei nom
humble abode Of poverty to the mansion Of Ib
wealthy, aud having ascertained beyond doubt n
vast suffering Of humanity, they determined to ~ II
the ger erAtve system their particular study, y,
TO dsyote their whole attention TO the aevlatloni
the diseases ofthese important iuncnens kOletfy,
will be answered unless they contain AremitiRnceai
a postage stamp. Call or address II


Drs. BONAPARTE REYNOLDS, Il
No. 1872 Sycamore street, between Flfih aud Si1


east side, Cincinnati, ohio. IN


ONCE hours from 10 A. M. TO Up. NJ. iel'l",ADS_REPRO
/scratch.hpc/nicola.barban2/data/AS_dataset_raw/year_1866/faro_1866/1866-05-30_p4_sn84022046_00279554231_1866053001_0518.json,1866,20,19,\bfemale[ -]?(pills?|safe(?:ty)?|remed(?:y|ies))\b,"m. Rr,o,,. Pcmnle mouthly PIII,,","[ Their immese sale has established their reputa.
tion as q female remedy unapproached md far In
advance Of any other medicine for Suspensions
and Irregularities, and other obstruetions In fe-
males. On the receipt Of Five Dollars these pill,
will be sent, by mall or express, TO any part Of
the world, secure from curiosity or damage.


Persons pit a distance can be cured at home BY
addressing q letter to Dr. J. PERRAULT. corner
Sacramento and Montgomery streets, Rooms Nos.
9, 10 and II, or Box 973, Post ONCE, San Francis.
co. stating the case as minutely AZ possible, gen.
eSa habits Of living. occupation, ETC., etc All
cases taken under treatment warranted No
charge for advice. No polions or harsh medI.
eines 10 inJure the constitution; no making sick
to mako well. We are honest In our dealings,
frank In our opinions, and our charges will be far
less than demanded by other pbyslcisna. We In.
vits investigation, claim not 10 know everything
nor to cure everybody, but we do lay claim 70
reason and common sense, and to cure eight out
Of len pronounced incurable. We particularly
request those whohave tried this Doctor and tina,
scientific Physician. boosted and advertised, ull
worn ont and discouraged, to call upon as. Il
will cost nothing, as consultations are free.


oc6 v",ADS_REPRO
/scratch.hpc/nicola.barban2/data/AS_dataset_raw/year_1866/faro_1866/1866-01-23_p4_sn84026844_00202190777_1866012301_0082.json,1866,50,49,\bm[i1]scarriage\b;\b(?:m|rn)[i1]scarr[iIl1]age\b,,"1nfaillble In Correcting irregularities, Remov.
/ Ing Distinctions OF the Monthly Turns,


nom Whatever Cause, and


ALWAYS SUCCESSFUL as APREvENTTvE.
It is now over thirty years since the above
celebrated Pills were first discovered by DIR,
DUPoNCo, of Paris, during which time they
have been extensively and successfully used
in most Of the public institutions, as well as
in private practice, OF both hemisphere. with
unparalleled success In every case and it is
only at the urgent request of the thou
is induced TO make the Pills public for the al
deviation OF those suffering from any Irregu-
larities whatever, ss Wen g to prevent an In.


ONE PILL Is A DOSE.


Females peculiarly situated, orthose sup
using these Pills While In that conditfon lest
they invite miscarriage"" amer which adj
bility, although their mildness would prevent
any mischief to health, otherwise the Pills
are recommended asa \ - G-1


MOST INVALUABLE REMEDY


for all those afhictng complaints so peculiar
10 the sex viz: DESfFe&sIIiJ and F1IfdftH Men
stTltdtion, Retention, Pam N the Back and LOfns
PressfaQ DOsCI Ptrins, HsGah Of Blood 10 the
Head, Dizziness, Dflnlless Of 1Si0Ia Green Sick
NESS, HeQUtnees, Fatigue on any Slight E1eTtioII,
distressing complaints, particularly thatmost
annoying, weakening, and the beginning of
alpothsr female weaknesses,


Tho Leueorrhoen,. or whites.


AT L1e same IitQefsItlefG mourning IN these
pills that can do injury to Life or health Lei
the directions be strictly Jotloaced and you viii
find them to be az LbevdFe TepTeseRted fsai


ONE BOx IS SUFFICIENT.


%, 900 Boxes have been Sold Within
- ~ --2A- Two Years..
Zel Thousand Bones sent by Letter, both by
myself and Agents, to all parts OF the world,
to which answers have been returned, IN
which ladies say, nothing Ike the above pills
have been known since THE SCIENCE or
MEDICINE pAwSED UPON THE WORLD,
In Removing Distractions d Restor-
ing Nature to its Proper Channel,
oUrET@G THE SERvEsan and bringing back the
'tRosy color Of HealtllTi to the cheek OF the
most delicate. VI
Price 81 per box. sif Six 1fOUeS 30.
Sold by M.CABE, KRAFT 4 CO., Wholesale
Druggists, s. Main street, Wheeling. General
WhoIesaIe Agents for West va, TO whom All
orders must he addresseda soId'at Retail, BY
Sold in st. ClaiTSvilla, Ohio, by


W.T4te il. PICKERING


Ladies', by sending LOO 90 either OF the
above agents to the Wheeling Post once, cam
have the pills sent, lconfid entiaIly ! by Man,
TO any part OF the country, ..free Of postage.I


1s-rr 3 - SIN I4flVF9-S
oc2S-1yd Sole PmprietnT. New Ydrs..,
",ADS_REPRO
/scratch.hpc/nicola.barban2/data/AS_dataset_raw/year_1866/faro_1866/1866-02-12_p2_sn84024738_0027174190A_1866021201_0154.json,1866,2,1,"\bavoid(?:ing)?[ -]?(?:conception|pregnancy|offspring|children)?(?=|[-–—:;,.]|'s)",Tho Governors Message.,"ws rnh,,.h this morning the MESSAGE OF
Governor PsrRPoiSr TO the hess sS.nrday
y,rriuia, sent in to both Houses on sa ~
IL 4. worthy of the especial sons'a. ..n,osnts
that hosv aud of the public. Inc a.s 1sa,,
.r.ins, narttng with the ih'a""""p'0 90
80 - r,sh,s OF way. still under con.ro. u
.ro unanswerable. Clearly II W.T.
.,n,. has any ambition to become com.
s,., ,,o,rer IN the nStion, she must keep
No. ,,,,aar ner own command. If she wants


ssu.ir, trade--if she desires to have very
,.rse tide. water cities, sustaining hourishing
manufacturing communities, and all OF these
sustaining teeming agricultural ana hort-
cultural industry--she must direct her own
h,chways-she must avoid, by all means, her
self passing under the yoke Of great IN oney
mower. which, once fairly installed, would.be
able TO control her own legislation and reduce
her to the humble Office of Register OF It's
edicts.


A suggestion towards the conclusion oi TIC
Governors communication is worthy Oh espe'
cial consideration. That is, as to what eA'eh'
the impairing of the value of the States in'e-
rest in railroads already built, by the proposed
new charters, may affect our settlement OF the
question of the public debt with West VII
ginia. That State has, beyond doubt become
entitled to the interest which incurred th'
debt, along with the debt itself; and II TIT
interest is seriously injured by act OF the LIE
eislature she may raise n question as 10 the
extent Of her obligation TO assume part o.


",OTHER
/scratch.hpc/nicola.barban2/data/AS_dataset_raw/year_1866/faro_1866/1866-11-17_p4_sn84038628_00295879919_1866111701_0335.json,1866,46,45,\babort[i1][o0]n\b,"Ladies', fake Particular Notice.
THE REAL VELPEhU FEMALE PILLS","THESE PILLS,


l. so celebrated
many years ago in
Paris for the reflex
OF female irregu


larities, and after
wards so notorious
for their criminal
employment in the
practice Of abortion,
are now offered for",ADS_REPRO
/scratch.hpc/nicola.barban2/data/AS_dataset_raw/year_1866/faro_1866/1866-12-07_p1_sn84038628_00295879919_1866120701_0398.json,1866,12,11,\bpessaries?\b;\bpe(?:ss|ß)ar[iIl1]es?\b,,"


! remain IN your system, dishgu uring
@ your face and body, besides des-
troying your happiness aud future
-'F .i1 NJ prospects of life. He has made
Private Diseases and Nervous Debility his study
for the past twenty years, and Is therefore the
person whom all afflicted should consult. No one
ever heard OF a patient of his not being cured
since he has been this city. His reputation has
vouchers in all the city papers, his patients and
the medical profession, both here and abroad, as
being the most skilled specialist here, and thor
ough master OF all sexual diseases. IT all others
fail, don't despair, give him call. 1t IL only
common occurrence with him to cure such cases
His rooms separate for ladies and gentlemen
and the most complete in the city.


YOUNG MEN, TAKE PARTICULAR NOTICE.-Dr,
BigeIow devotes much OF his time to the treat
ment of those cases caused by a secret hs bit !,
which ruins both body and mind, uniting the
unfortunate individual for either business so
cIety. The sad effect of these early habits, of
the excess of ripper ears, is to weaken and debil
tate the constitution, destroy the physical and
mental powers, diminish and enfeebls the natural
feelings, and exhaust the mental energies of man
hood the pleasures of life are marred, the OBJ
iect of marriage frustrated, and existence itself
rendered term of un' easing misery aud regret.
Such persons, especially those coHteEpl plating
marriage, should lose no time in making immedi
ate ar plicatlon, DR.. B., by his new treatment,
is enabled to insure a speedy and permanen mt
cure.


Consultations free snd confidential. Office, No
l7S South Clark Street. corner OF Monroe, halt a
block from the Post Office. P O. box l54, Chica-
GO, Ill. Office hours from A. NJ to P. VI.


Send for his <'Guide to Health"" published
monthly, tree of charge.


n. B.-Lsdies send for descriptive circular
of Pessarie RemedIe, the best preventive of con-
ception known. Sent to any address free Of
charge. api5dwiy.",ADS_REPRO
/scratch.hpc/nicola.barban2/data/AS_dataset_raw/year_1866/faro_1866/1866-01-19_p1_sn84022046_00279554231_1866011901_0070.json,1866,25,24,\bfemale[ -]?(pills?|safe(?:ty)?|remed(?:y|ies))\b,,"terlnB 10 inc puDllc an huVeTIsomeni


Of this kind, for It IL universally &C.


knowiedg.d that IL treatment Of


these particular diseases constitutes q branch Of
medicine which has never been sunlciently
cultivated, in consequence Of the fastidious.
ness of the profession, who have abandoned these
IpecialitIes to the care Of unqualified prac-
titioners. There exists here no power TO re-
press the impudence and effrontery Of men who
arc totally incompetent to perform the duties
Of their so-calIed medical practice, thereby In.
ficting miseriss 10 Q degree unparalleled In any
other class Of human disorders. The only way
to remedy this evil Is to call the attention OF the
| public to q we'll Informed member Of the
medical profession, legally qualified,
and who deyotes his exclusive attention TO dls.
eases arising from the undue excitement Of the
generative organs, together with those incidental
stages Of acute disorder which, when neglected,
terminate in tho horribly wasting form Of con.
gtitutIonal dIsorganization. Doctor PerrRalt
has paid the most anxious and untirinK
attention, for the last eight years, TO a special
branch Of study, and his mode Of practice, sug.
gested and improved by experience. and expert.
| ments made through the medium Of tho micro
scope, enables him to detect the presence Of semen
In the urine. We wish to impress those who
have failed Of relief elsewhere, that they may de.
rive benefit from examination Of the urine In
cases of Seminal Emissions and Impotency. ~
well rs In cases Of Gravel, Diseases Of the Blah.
der and Kidneys. and wo can at once ascertain
tho cause of the patients complaint. 80 A. to pre-.
pare the proper remedies for each particular dis
order. and according to each case.


Patients suffering from Veneresl Diseases In
any stage Pains I'm the Bones, Rheumatism, or
from the effects of Mercurial poisoning, who can
visit US personally, will receive. In addition to
our usual treatment, Medicated VaPor
Baths, without further charges. This Bath has
nearly superseded all other treatment In Europe
Reference will DO given to several who have
been cured by this treatment, after having failed
with others.


Persons Of both sexes who have impaired their
health and destroyed the vigor Of their minds by
their own misconduct. and thus deprived them
selves Of the pleasures Of life, are notified that
on consulting DR.. PERRAULT, they will find
a friend and q Physician who has cured many In
every part Of the State, who applied broken
down In health. but are now rejoicing In all that
maker life desirable and man happy. References
can be given, acquired In almost every part Of the
State, from parties who know OF cases cured by
DIR. PERRAULT. after In vain trying several
physIciuns.


His Diplomas are In his Office, where all persons
can see for themselves that they are under the
care Of a regularly qualified practitioner. We
have the latest and safest remedies, and such
mode o. cure ~ can be obtained at no other once
Of this coast, in Syphilis, Gonorrhes, elect, stric.
lures, Gravel. Stone In the Bladder, Enlargement
OF the Testicles, liberated Throat, Bones and
Nose, Cutaneous Eruptions, Ulcers, AbseeSs ano
other diseases depending on impurities Of thd
blood. .-...... ~


DR.. PERRAULT still retain. the only agency
In California Of Do


DR.. Briefs Female monfhly Pills.


Their mmeses ale has established their repnta
ton as q female remedy unapproaehed and far In
advance Of any other medicine for Suppres.ionS
and Irregularities. and other obs,fucnons ~ ~
maie. In thr receipt Of Five Dollars these pills
will be sent, by mail or express, TO any part OF
the world. secnre from curiosity or damage.


Persons AT a distance eau be cured at hons by
addressing n latter TO DR.. J. PEkhAULI. corner
Sacramento and Montgomery oiree's. hocIhs Nos'
O 10 and II, or Box 973, Post once, Ban Francis
60 stating the case IN infinitely rs possible, gen.
sSsi habIis OF living, occupation, ETC., etc Al
80. ,.Len upder treatment warranted. No
ohs,ee Tor advice. No polsons or harsh medi'
cInss to lnJure the constructor no MAKING saea
trant In our opinions, and our charges Will be far
,."". ,hsn demanded by other physicians. We In.
yI,s investigation, claim not 10 know everything
nor 10 cure everybody. but we do lay claim TO
reason and ommon sense, ana 10 cure eignt OUT
~ Ian pronounced incurabla. We particularly
o.,rss, tbose who have tried this Doctor and that
scIsntiac physician, bolted and advertised. till
or 'ont and discouraged, to call upon rs. II",ADS_REPRO
/scratch.hpc/nicola.barban2/data/AS_dataset_raw/year_1866/faro_1866/1866-09-03_p1_sn84038628_00295879919_1866090301_0078.json,1866,17,16,\bfemale[ -]?(pills?|safe(?:ty)?|remed(?:y|ies))\b,"LYONS PERIODICAL DROPS.
The Great Female Remedy for Irregular


ities","


These drops are a scientifically compounded
fluid preparation, and better than any Pills, Pow
ders, Nostrums. Being liquid, their action is
direct and positive, rendering them reliable
speedy and certain specific for the of all OBJ
structions and suppresslons of nature. Their
popularity Is Indicated by the fact that over l00,-
600 bottles annually sold and consumed by
the ladies Of the United States, every one or
whom speak in the strongest terms Of praise OF
their great merits. They rapidly taking the
place OF every other Female Remedy, and are
conslde cred by sll who know ought of them az
the surest, Eafest md infallIble preparation
In the world, for the 0fuiI female complaints
the removal III all obstructIOns OF nature, and the
promotion OF health, regularity and strength.
Explicit directions stating when the may be used
and explaining when and why they should not,
nor could not be used without producing effects
contrary to natures chosen laws, will be found
carefully folded around each bottle, with the
written signature 0! John l.. Lyon. without which
none are genuine.


Prepared by DR.. John L. Lyon, l95 Chapel St.,
New Haven, Conn, who can be consulted eithe
personally, or by mail, (enclosing stamp,) con
ernIng all private diseases sud female weakness
CO. Price: 81 80 per bottle


Sold by Druggists everywhere.


octl4dwly",ADS_REPRO
/scratch.hpc/nicola.barban2/data/AS_dataset_raw/year_1867/faro_1867/1867-04-08_p1_sn84028645_0028077473A_1867040801_0653.json,1867,1,0,\bfemale[ -]?(pills?|safe(?:ty)?|remed(?:y|ies))\b,"LYOH'S PERIODICAL DROPS! !!
THE GREAT FEMALE REMEDY FOR


=. IRREGULARITIES.","These Drops area scientifically compounded fluid
preparation, and better than any Pills. Powders OF
Nostrums. Being liquid. their action is direct and
positive, rendering them reliable. speedy and GER
ain specific for the of all Instructions and sup
essions of nature. Their. popularity is indicated
by he fact that OOe bottles annually sold
and consumed by the ladies of the United States
every one of whom speak in the strongest terms
praise of their great merits. They are rapidly talk
ing the place of every other Female Remedy, and
considered by all who know aught of them 8
thesurest safest and most infallible PREPARATION
the world. for the of all female complaints the
removal of all distractions of nature, and the pro
molten of health regularity and strength. Explicit
directions stating when they may be used and ex.
laining when and why they should not, nor
ould not be used without producing effects contra
~ to natures chosen laws, Will be found carefully
folded around each bottle, with the written sigma.
ture of JOHN L. LYON, without which none are gen.
uine. -'i.t-5 49, ~ ..fN - 't-s


Prepared by DR.. JOHN l.. LYON. 195 Chape
street, New Haven, Conn.,, who can be consulted
either personally or by mail Enclosing stamp,
,erning all private diseases and female weaknesses
Sold by Druggists everyw here.


s. El.f e. G.. CLARK d CO.,


General Agents for u. 3. and Canadas.


",ADS_REPRO
/scratch.hpc/nicola.barban2/data/AS_dataset_raw/year_1867/faro_1867/1867-12-13_p4_sn84038628_00295879932_1867121301_0203.json,1867,48,47,\babort[i1][o0]n\b,"Ladies, rake p.rs,cuisr rouco.
TIE REAL VELPELU FEMALE PILLS","THESE PILLS,
L so celebrated
many years ago IN
Paris for the reliei
of female irregu


larities, and after
wards 90 notorious
Cor their criminal
employment in the
practice Of abortion.
are now offered for",ADS_REPRO
/scratch.hpc/nicola.barban2/data/AS_dataset_raw/year_1867/faro_1867/1867-06-06_p1_sn85038292_00415623689_1867060601_0107.json,1867,23,22,\babort[i1][o0]n\b,Public General.,"for the Suppression of the Crime Of


Unlawful Abortion.


BE il Enacted, that Whereas, IL ap.
pears thHt many persons are now prac.
tising medicine, surgery and obstetrics
in the City of Baltimore and other parts
of this State, who have received no prop.
er medical education, aud who are in
fact, mere imposters, and whereas,
there are certain presons notoriously
engaged in the unlawful production OF
abortion. Therefore.


Section l. Be il enacted, That on or
before the FIRST day of May, 1864, the
Governor shail appoint twelve respee.
table physicians, graduates of some re-.
coguized school Of medicine for the
City Of Baltimore, and six for each Coun-
ty who shall constitute temporary Medi.
cal Board Of Examiners for their res.
pective districts, whose duty it shall be
to grant Licenses to such now practising
physicians as are able to prove to the
satisfaction Of the Board that they are
bona iide graduates of some respectable
medical college; these licenses shall
be valid until the permanent Board
hereinafter provided for shall be
prepared to issue licenses bearing the
seal of the Faculty Of the State; each
person obtaining such n license shall
pay five dollars into the Treasury of the
Board; the money accruing from this
source shall constitute fund for de-
trayiug the expenses incurred by the
Board in the discharge of their duty,
and all money received in excess Of the
necessary expenditures Of this Board
shall be transferred to the permarfent
Board, hereinafter provided for; such
money as well as all money received by
said permanent Board for licenses is.
sued by it shall constitute fund to be
disbursed by order of the faculty of
such district. The City of Baltimore
shall constitute district, aud each
County Of the State shall constitute a
district for the purposes of this Act.


See 2. And be it enacted, That all
thus licensed physicians shall constitute
the Medical Faculty Of the State of
Maryland, aud that the members of the
said faculty residing in each district
shall meet annually on the first Monday
in june, or as soon thereafter as a mum.
Der not less than one fifth of the whole
number licensed can be convened in
each respective district, at such places
as shall be determined aud published
By the respective Boards Of Examiners,
at which meetings they shall elect ap-
nually such officers and appoint such
committees as they may consider requi-
site to form complete organization for
each district, and at their first meeting
to elect by ballot twelve respectable reg
ular physicians in the City of Balti.
more, and six in each county, and auuu.
ally thereafter one-half that number,
who shall constitute permanent Board
of Examiners for each district


Sec 3. And be it enacted, That i'm.
mcdiately after they shall be assembled
in consequence of their first election,
they shall be divided by lot into two
equal classes, the seats of the examiners
of the FIRST class shall be vacated at the
expiration Of the first, and those of the
second class at the expiration of the
second year, so that one.half nav be
chosen e-ery year, and il any vacancies
happen By resignation or otherwise, the
President Of the Faculty Of the district
shall mako temporary appointments un.
I'll the next meeting Of the Faculty
which shall then GIL such vacancies.


Sec. A. And be il enacted, That sny
six Of the examiners elected for the
City of Baltimore, and any three oil
those elected for each County, shall con.
stitute a quorum OF the Board in the
said districts, for examining such candi
dates as may apply, aud shall subscribe
their names to each license granted by
them, which license shall also be coun
tersigned by the President of the Fac
ulty Of the district, and have the sea
of the Faculty of the State affixed there
to by the Secretary upon the psymeu,
into the hands of the Treasurer OF the
sum Of ten dollars, aud any two of the
said examiners may grant a license 4
practice until board can be held il
conformity with this act.


Sec. 5. And be it enacted, That OF
the second Monday next succeeding Ii,
election Of the First Permanent Boart
Of Examiners, each Board shall senc",ART
/scratch.hpc/nicola.barban2/data/AS_dataset_raw/year_1868/faro_1868/1868-08-01_p4_sn85025202_00279557396_1868080101_0630.json,1868,19,18,\bfemale[ -]?(pills?|safe(?:ty)?|remed(?:y|ies))\b,"FEMALE MONTHLY PILLS.
DE-. PERRAULT is the only Agent in California for
DR.. BriOt'S Female Monthly Pills.","has established their reputation


female remedy unapproached and far in advance of
other medicine for suppression and Irregularities and
obsructions in females On the receipt of Five Dollars
these Pills will be SENT by mail express any part Of
the world, secure from curiosity damage.


Persons distance be cured home address
ing letter To Dr. }. PERRAULT. and
Montgomery streets Rooms Nos g. IL and H. or Box 973
Uce San Francisco. stating the infinitely
possible, general habits of living occupation etc ETC.


All conmunicafions confidential. I:l3:52t.",ADS_REPRO
/scratch.hpc/nicola.barban2/data/AS_dataset_raw/year_1868/faro_1868/1868-01-11_p4_sn84026912_00294558627_1868011101_0492.json,1868,9,8,"\bavoid(?:ing)?[ -]?(?:conception|pregnancy|offspring|children)?(?=|[-–—:;,.]|'s)",Marriage.,"| 5""'""Aii""bo 10 uiFlho lnBtltnuOn re-
qulres no argument to prove. Divine feylca-
ton and common sense combine to show, that,
without'it tho human race would become ex
tinot, or SO dotoriorated that lifo would BIZ no
longer blessing. 10 talk, then, Of tho tri
ais, tho evils, tho hardships, attendant upon
tho married state, as boing incidents swoh
oil might avoid, or all might expect who rash
ly venture thoir all on the great gambling
board OF humanity, is as absurd as it would
be to discuss the matter whothor VIC should
cvor cat, because some, by so doing, have
chokcd themselves whether we should ever
drink, because some have inadvertently,
i'll allaying their thirst, swallowed poison, OF
still more frequently, stepped their senses in
the incbriating cup. Trials, cares, and aAlc.
tions arc attendant on this probationary state
This life, though spread out before us with
many charms, with much Of comfort aud hap.
piness, is not to BE- state Of perfect unal-
loyed enjoyment else Christianity would not
point to better, even heavenly. A. due es.
innate of these things would radiate many q
dark spot in human existence, and gather
from the clouds of adyersty, salutary dew
to nourish the plants of mort; ity, - panacoa
to invigorate tho spiritual natr ra and boar it
onward and upward to its destined heayon. =
Is there no means, then, by VII ioh tc regulate
our life, our affection in the soc:... and tonles-
tic constitution of things 30 as to put to 81
lonce gainsayers? There is. Is is reIiy
ious, philosophical education.


Marriage, to be that divine institution
which God has authorized, should be found.
cd, not Oil tho multitude Of worldly motives
Which stand out US prominent objects to the
unthinking world, not on that animal iispo.
sition which is keeping with all lower orders
of being, but it should be spiritual union,
an intercourse of soul with soul; else our Di
vine Master would not have said -"" For this
cause shall man forsakc father aud mother.
and cleave to his wife, aud they twain shall
be one"" If a tree be good, tho fruit will be
good also. Hero, then, is the groat point in
which 30 many fail Of attaining that degree
Of happiness which might be enjoyed ia this
transitory state They build on o sandy foun-
dation; and when tho foods Of evil oome,
which arc nseparablo from human nature,
their house falls, tho whole fabric is swept
away. We hear it said, that marriage is ""a
lottery. Why sit so? Because the pa,tics,
like Wcstcrn-ani spcculators, venture their.
all on tho ever,auctuating current Of public
opinion, or yainly believe in tho validity Of
unauthorized titles. How shall this evil bo,
roctiGed by rightly teaching the young
Mothors must first estimate what is truly val.
liable, and thon teach il to thcir children. -
Until a race shall grow up to appreciate the
superiority of the Intellectual and spiritual
ovor tho animal nature, there will bo fnoon.
gruous connections, founded on the love Of
wealth, or some othor Of thc lower propcnsi-
ties OF human nature, tho result OF Which
will be personal misfortunes, and the entail
,nent Of a host Of evils which words cannot
describe. Were these things duly estimated,
no jarring clements would be abroad, farming
tho world upsid, down. Uniallowad motives
would no moro rae, 10 bring the weak in sub
lection to the strong War and slavery would
not exist within tho social, ana domestic dir
Gle; concord AMI hermony s,nla prevail -
Unholy passions wou!lnot mar this glorious
creation Thsn, in tho ,yor4s OF one Of our
poeta,--


f"" Lifc's blessing al enjoycd tlos labor done


Sercnely to their rest have passed tho aged""


For no premature deaths would como to
break up tho halowed relations Of lifo, until
its declining sun should sink, to rost within
mild, uuclouded lht


<.---


Ii1E greatest snow storm recorded in Rus
sa occurred on the stoppcs Of Kirghccz, in
Siberia, in 1927, destroying 1885, 900 horses,
3O,400 cattle, 100000 sheep, and 10000",ART
/scratch.hpc/nicola.barban2/data/AS_dataset_raw/year_1869/faro_1869/1869-01-02_p3_sn83025925_00280776257_1869010201_0013.json,1869,4,3,\bm[i1]scarriage\b;\b(?:m|rn)[i1]scarr[iIl1]age\b,"The Closing Arguments, and Judge
Brewster's Charge to the


Jury in Full.","was DGlJCr 0CICOuSu lnd0 any p1eCeulDB one
The crowd sat patiently through the long ar ""a
ment of Mr.. Mann, and then listened with zest
10 the magnificent closing speech of District
Attorney Sheppard, who, as Nc. Mann had said,
""went at the evidence with full and vigorous
mind, aud presented it in manner that was
appalllng.p


Then came the able document on circum-
stantial evidence and the full review OF tue
evidence by Judge Brewster. The jury at $40
Ietlred, and returned at 9I5, when the quiet
in the courtroom Yves really oppressive. At
last 0t seemed a very very long tme) the jury
and the prisoner arose and faced each other.


Mr.. Galou, the clerk, then said: =


Gentlemen OF the jury, have you agreed upon
verdict?


Foreman-We have.


Clerk-Gentemen of the jury, how say you?
Do you fud George S. TTitcheli, Jr, the pri-
soner at the bar, guilty OF the felony of muder,
whereof he stands indicted, or not guilty.


Foreman-Guilty.


CleIk--In what degree?


Foreman-First degree.


Crier-The Court stands adjourned until to.
morrow morning at ten O'Clock. Clear the court


On the foreman saying ""Guilty,"" Twitchell
clasped his hands together, ralsed his eyes up.
ward, and muttered some words


He was seized around the neck and hometown
to the bench by his friend MIR. McCully, who
has sat with him all through the long days OF
the trial The father OF the prisoner ps. sat In
iron railing, weeping. Az $50 the prisoner was
removed to his louely cell in Moyamensing. His
demeanor during these trying moments was that

soled with he was consoling the two who were
manifestng go much concern in his welfare.
The following are the speeches Of Mr. Mann and
District Attorney Sheppard:-


Mr. Mann resumed, saying he may have mis-
conceived the object OF tle juror in asking
about the shirt, aud he consequently required
to it again. 1t the prisoner put his SHIRT on
after gong up stairs blood might have hlrted
on it when he butteued his coat. He thought
there was no testimony to snow that the olood
on the shirt was huld or diluted oood. When
he went up stairs he had blood all over his coat,
even to the skirts, and the thro wing OF the coat
OFT might have trted the blood over tue shrt.
There was evidence, no matter tow 1t had been
staggered at 10 show that dog had been upon
the shirt. Ii the stains were IRON blood, tnen
how soaked the coat must have oeen to have
made them! 1t was as falr, lar more mercnul
and true, to take other suggestions as 10 how
the bood got on the shirt than that OF the
Commonw wealth, that it got on while the man
was beating his mothers brains out w,'h a
poker. He read IRON the London Lancet, of
: November 2l, furnished by Professor Gross the
elder, an account OF man having been beaten
over the head with poker, the poker being
much bent but the man not killed. 1t the jury
rejected all said by the defense as to the blood
en- the shirt, and could conjecture in their own
minds a means by VIII ch the blood could have
got Oh the shirt other than suggested by the
Commonwealth, then this case was for the
deleuse. Mir. Henderson had not been permit
ted to tell what Mrs. Hill told him as to the
place she carried her money. She had $4,000
in money two years ago, aud expended SIG 900
for the house and $4,000 or $4,000 tor the turn-
ture she then had a large amount of money
left and no bank acc Dunt. If this murder was
not for this money, why did the Commonwealth
have the cesspool cleaned aud rdked TO ind it
This missing money is one OF the great
truths that paralyzes this case. If the money
had been found upon the prisoner, or II
they had proven where he hid it, then
they would have had him fastened as was
Probst The dinng-room was never visited by
Sarah Campbell, and the body in that room
was safe from her view. Why the necessity OF
this prisoner thro wing it out of the window?
1t was difficult perhaps to conceive why another
man would throw the body out OF the window;
but suppose, after or two blows were given
in the room, the body had been thro Wn 10
another man on watch in the yard, who would
have rlfed it at ease in the yard. Had any one
sopped in the room to rifle the body they might
= have been surprised by TWitchell coming out Of
the room, and they would have had no chance
of escape. This is not half as strange as TO
suppose George 8. TWitchell would commit this
murder and go TO bed, leaving his bloody cuts
about, after placing the body exactly where
sarah Campbell would see II. And all
could not be his, for by the death OF Mrs. Hill
it would be his wile's. The murderers may have
taken the very candle which Mrs. Hull had, and
gone over the premises 1t may be that one OF
the men was secreted in the house, aud let the
other in. 1t may be that some one pretending
to be a begear, might examine the lock and
make fase Keys suppose letter had bean
sent her that important Information would be
sent her at O'Clock. Most likely she was
sleeping with her head in her hand; but did the
poker ever cut the finger OH? Would not a
nbloW from O poker have bruised all the fingers
but never have cut one ohY


Mr. Mann concluded by warning the jury that
IL they rendered verdict of guilty in this case
The prisoners blood would cling to them. Ii
this prisoner is not acquitted then there is no
reliability on human testimony. No attempt
had been made to introduce false evidence, bat
Reliable witnesses had been examined If he
were on this Jury he would stand out until the
crack of doom. He warned the Jury not to be
Terrified or seduced by the appeals OF the
District Attorney, who had renamed passive
only to gather up his legal points aud appal the
Jury.


District Attorney Sheppard arose amidst g
silence which has been buC seldom noticed in
the courtroom, and said: This case is not one
of professional or personal rivalry. Nor can il
be made the subject OF friendly contest be
tween any of the counsel. feel too strongly anC
oppresslVely the resp ,nslolllty, to allow mVsel
to be distracted by any such nnWarranta0le ol
uulmpoItant consideration. Nor shall under
take to rival the learned gentleman who has jus
taken his seat, III hts rich and protuse eloquence
His case may have required all ITS OF adorn
ments aud illustrations and the help of rhetoric
shall not undertake TO emulate him IN display
for possess none OF those qualities. All desir
TO do Is simply and plainly, and in as fe@ word
as possible to call your attention to what
consider to be the material facts OF this case.
1t Is a very I'M portant one. This wnole con
munily has watched 1t fIom its c0mmencemel
until now, and the anxiety is intensified as th
case draws TO close. This little jury-oo
4expands to q wider horlzon-tnat OF our entIT
scommunIty. You have seen the indications
the intense anxiety of the public on this subjet
by the crowds present. l tell you that If Iher
lis any miscarriage of public justice here, yer
heavy responsibility will rest upon some ont
1he Common Wealth's oficaTs have doue the
puty; they have lett nothing undone. Th
.l..N. IN all",OTHER
/scratch.hpc/nicola.barban2/data/AS_dataset_raw/year_1870/faro_1870/1870-12-31_p1_sn89077510_00332897883_1870123101_0721.json,1870,18,17,"\bavoid(?:ing)?[ -]?(?:conception|pregnancy|offspring|children)?(?=|[-–—:;,.]|'s)",,"


you what were my feelings on receiving
your letter, which communicated to me th'
, tidings that you also had been forced to fie'
from our fsther's house. It's perhaps sin
full in me to do so, but | cannot avoid hat
ing the woman whom our father would hav'
|, ms to call mother; not on account OF be-
conduct to me (though it was cruel enough
for always despised for--but, o JacObini
it was because she she was SO unlike ou
+ mother, whom remember better than yot
can, and whom | suppose you will new re
ssmble as she lives in my momory-for al
who saw you SAID, you were her picture |;
bat it is.because of her cruelty to you tha
hate her. The thought that you have
been compelled to fly more than three hun
dred miles from our fathers house, and thai
your only nope is becoming the servant Of
our equals Sister, when | received your
letter and read this, it cost me sleepless
night | cried like a child-and sailors d.
not shed tears for trifies. Yea, though | an
no Catholic, / prayed thai our mother
spirit might watch over you and protect
you, nav sister! But ! cannot endure the
thought Of your being shnenisf fsasAe tesss
Of any one. With this, therefore, you will
receive draft for fl00 upon the agents
Of my owners, payable at sight. The mo
meut that you get it cashed, leave service,
or shall be angry


""But now, my own sister. | have some
thing else to tell you Of You know that
our dear mother had a brother c2lled
James, and after ahom you were uAmed
He went to sea when but a boy, and was
not again heard Of 1t was runored, and
believed, that he and his sbipmates were
taken by pirates, and that they became
part of them. The story was not true.
Fig hteen months ago, | was in Bengal, and
had dealings with q merchant, who, hearing
the Scottish or rather the Border accent on
my tongue, asked me from whence | came.
informed him and he then, with degree
of curiosity, inquired who was my kther,
who my mother When ! spoke Of our
father-I remember him WE'LL be said,
wat Ken-why, he was my school and
class -fellowp But when | told him Of our
mother, ana who she was, there was vIsi-
BILE paleness on his sunburnt face sweat
stood in drops upon bis brow, he gasPed IN
his eagerness TO hear me, and exclaimed
Y Youth youth does yonr mother live Il
Oh, me- | answered and the tears gushed
into my eyes, sister. Come to me come
to me my sisters child ! lie cried. and he
threw his arms around my neck. Jacobih
il was our uncls-Our mothers brother
And when | bad told him all, and how and /,
why had left the house, and spoke Of you
and of your being named after him-If
live. said he, for two years more, | shall
see my little niece, my namesake-she
shall be my daughter He had been many
years a prisoner, and on obtaining his liber-
ty became a sorl Of secretary to a nabob in
India. lie had written repeatedly to his
parents but he received no answer, for ere
then they were dead aud his sister eur
mother-he knew not whether she lived,
where she was, or by what name she might
be found. lie is now a widOwer, and has
an only son, nearly my age. Our cousin,
Jacobini, is a noble, kindbcarted fellow. |
should have loved him though be bad been
no relative Of mine, from the moment be-
came acquainted with MN. Ills name is
William, and before this reaches you, he
will be in London where you sre; for, when
| last left Bengal, be was preparing to go
to London, to be thoroughly instructed in
the rules of business He was to be in the
house Of one Mr. L, in Throgmorton
street. By lnquiring there, you will easily
find him and the moment you receive thi 8
call upon him-he will rejoice in having
found you--he will protect you until see
you, which will be in the course of next
year; for, after again going to Bengal, I
have a voyage to make to England and
our uncle has promised to accompany me.
Therefore, within twelve months, we shall
meet again. Remember me to my cousin
when you find him, which you will easily
do. You nay show him this letter, and
when he has seen it, | am sure you will find
in him a warm and a steadfast friend, and
one who will not endure the degradation of
your remaining an hour in a state Of servi-
tude


""Farwell, dear and only sister, until we
meet and if you ever bear from our father,
tell him that | yet live, that | think Of him,
aud love him-Out, o Jacobini, the ac0mdn
that rules his house, renders it impossible
that can again enter it. Write to him
that shall meet him in London next year,
but he must not bring her. Again, fare
well, dear sister-wait upon our cousin with
this letter it will be an agreeable surprise
and | am, ever, your affectionate broth
er,


FRANCIS KERR""


Such was the letter which Jacobini re
ceived from her brother But il would be
a vain task to describe her feelings, on its
persual. From it she found that her lover
and cousin-he whom she did love though
she showed it not, and whom she sought
to avoid-was one and the same person.
She was commanded to show the letter tC
him


""To him !"" said Jacobini 81 cannot ""
And yet while she so said she wept with
joy. She went not to him-nor needed
she for, as was his wont, within aa hour
he threw himself in her way-for be watch
ed her every moment, She had never spok-
en- to him unkindly (for it was net in heI
nature, but always coldly. She had the
letter in her hand, and she was weeping over
it when be saw her.


""Why does my Jacobin weep?"" he said:
''if aught distresses you, why refuse the
friendship and the hand Of one who is ready
to bear your SORROWS and protect you ?""


civilian"" she said. falterincly-and il
was the first time that she had called him BY
that name-''read, read this And she pu,
the letter intoU his hand.


He took this eyes eagerly glanced
over it; but before he bad finished it, be
flung his arms round her neck, and ex
claimed-my cousin ?--my Jscobini =
mine !""


I",OTHER
/scratch.hpc/nicola.barban2/data/AS_dataset_raw/year_1870/faro_1870/1870-11-03_p1_sn83016025_00279525309_1870110301_0213.json,1870,8,7,\babort[i1][o0]n\b,Domestic News.,"NEW YORK.


GREAT RAID ON ILLICIT wHIsKEY DIsTILLERs


New YORK. Nov. 2-The internal revenue
officers, aided by force of $500 United States
marines and regulars, made a grand raid to-
day on the illicit whiskey distlleries in the
fifth ward of BROOKLYN, and captured and de-
stroyed over twenty establishments with their
contents Eight fire engines were employed
several hours in pumping out the contents OF
the stills and wash-tubs, which afterwards
were completely demolished by large force of
labOrers accompanying the troops. In the
early part of the affair the mob hurled several
vOllies of stones, brickbats and other missi es
upon the marines under Col. Broome, but
were routed by bayOnet charge. Col. Broome
then warned the crowd that the troops would
fire if any further violence was offered, but
tn ~ were not again mOlested. Assessor Dutch
er was hit twice by flying bricks, and sever Il
revenue officers were more or less injured dur
ing the riot.


VARIOUS ITEMS.


Profs. Hall, Hoskins and Eastman of Wash
ington Naval Observatory, will sail to-day on
the China en- route for the island Of Sicily, to
take observations of the total eclipse of the sun
Dec 22d. PrOfs. Peters of Hamilton College
and Wheelock of Harvard University will
leave on the Abyssinian tomorrow in charge
of another party for a similar purpose.


Two men incorporating in women's dress
were arrested coming from ball in Brooklyn
last night and committed the TOmDs to-day
for trial. Emile Houshlll and Harry Melville
were the names they gave. They are probably
fictitious. They say they can prove they have
been going in wOmen's clothes to balls and
parties in this city and Brooklyn for two or
three years Fast.


Mary E. Carey, II years old, died yesterday
at the Office of the notorious DR.. Evans, alias
Powers, on Chatham strest from the effects OF
an abortion. Evans has fed.


A forged check on Market Bank for $14, 600
was passed on Souther 8, Co., bankers, to-day
The forger was arrested.


The body of James Moran, of Lowell, Mass.
who has been missing since May 22d, was
found in the woods, near Frye's Village, or
Monday night. While under alteration O
| mind he probably wandered into the wood.
and died from starvation.


POLITICS.


The action of the General Committee of thu
Young Democracy in endorsing Gov. Hoff
man has created quite an excitement IN politi
| cal circles.


| Sheriff O'Brien in accordance with Tam
many, who tonight nominated his brotbe
Lawrence for the Assembly, which explain
the action of the Young Democracy in repudi
ating the Republican State Ticket",ART
/scratch.hpc/nicola.barban2/data/AS_dataset_raw/year_1870/faro_1870/1870-02-09_p4_sn84022046_0027955517A_1870020901_0138.json,1870,6,5,\bmonthly[ -]?(pills?|regulat[i1]on|remed(?:y|ies))\b,Female Monthly Pills.,"Dr.; Perrault Is the only agent In California n,
Dr. Biots Female Monthly Pills. TLeIr ,,ol
mense sale has established their reputation a. 4
ln s1sr IeMsoy anapproschcd, and far in advyncs
reguiarities; and other obstrnctions In females
ON me receipt OF hve dollars these piils viii bc
sem by mail or express TO any part OF The world
secure rom curiosity or damage.


Persons ct q distance can be cured AZ homo bv
addressing Q letter TO DR.. Perrault. corner y,
Ind Montgomery streets, Rooms 10
and il, Or Box N8, Postofice, San Francisco.
st,ting the case % infinitely as possible, general
napitt Or living, occupation. ETC., etc.


Nv Communications confidential. uo39Iy",ADS_REPRO
/scratch.hpc/nicola.barban2/data/AS_dataset_raw/year_1870/faro_1870/1870-12-23_p4_sn84022644_00295867541_1870122301_0166.json,1870,20,19,\bfemale[ -]?(pills?|safe(?:ty)?|remed(?:y|ies))\b;\bmonthly[ -]?(pills?|regulat[i1]on|remed(?:y|ies))\b,"FRENCH MEDICAL OFFICE


nR. IillEN PERRAill 7. -. :. {. /.","Deefer Of Medicine Of the Faeulty Of


Paris, Graduate Of the Untverstty


Sc. JehA Baptiste Society Of San Fran.


eises.


Gs- PessacLr has the pleasure to inform pa
tien,s and others seeking eonadsptiai msdieai sd-
vice that 10 be consulted daily NJ his ONCE, Ar
mory Hall Bsildiag. North East corner Of Mont
gousry ADD Sacramento streets, San Francisco.
seos Nss. ., te H. 6rst door, up stairs, entrancs
on either Montgomery or Sacramento streets.


DR. PARaAuLes studies have been almost exelu-
sively devoted to the of the various forms Of
Nervous aud Physical Debility, the result sf inju-
rious habits acquired In youth. which usually ter
inmate in iaapstenee aod sterlity. and permanent
~ induce all the eonesmitaats Of old age. where


secret infirnty exists involving the happiness Of
life zad that of others, reason and morality die
tate the necessity OF its rcnoval, for IL 10 fact
that prem stars decline Of the vigor Of manhood.
m.kruonial unhappisess, compulsory single life.
.le, have their sources 10 causes, The germ Of
which 10 planted IN early life. and the bitter traits
tasted lorg aftsswsrd; patients, lsboring under
this CON uplaiat, ~ili complain of ono more Of
the following syuPtcms: Nocturnal Emissions,
Pains in the Beck and Head. weskness Of Memo
ry and Sight Discharge fron the Urethra on GO
ing to stool or Eakipg water, Intellectual Facul-
ties are Weakened, Loss Of Memory ensues, Ideas
elouded, aud there Is adisineiinason TO attend
to business. OF even to resding, writing. or the
society of frieads, etc. The patient viii probably
pl.in Of Di.riness, Vertigo. and that Sight
and Hearing weakened and sleep disturbed by
dreams melancholy. sighing. palpitstion. faint
ings. coughs and slow fevers; while some have
external rheumatic pain, and numbness Of the
body. Some Of the most common symptoms are
pimpies in the face, and aehi0g In different parts
of the body. Patients suffering from this disease.
should apply imm edistely TO DR. PERRArLr. either
in person OF by letter, he will guarantee cure
Of Seminal Emissions and Impotence in 1ix or
eight weeks.


Patients suffering from veueriai disease in any
stage, Gonorrhea, Gleet Structures, Bubo, Ulcers,
Cutaneous Erupians, etc., viii be treated success
fully. All Syphilitic and Mercural Tsints entire
ly repoved from the ~ stem.


DR. PERRAuLf's diplomas are In his once,
where patients can see for themselves that they
under the care Of regularly educated praeti-
toner. Tho best references given II, required.


Patients suffering under chronic dtseascs, can
call and examine for themselves We invite in
1estigstion; claim not to know everything. nor TO
cure everybody, but We do claim that iD all cases
taken under treatment va fulhll promises.
We particularly request those who have tried this
bossted doctnr and that advertised ply seisn, till
worn ou, and discouraged. to call upon rs.
Low charges aud quick cures.


Ladies suffering from any complaint Incidental
to their sex, consult the doctor with the
ance Of relief.


Female Monthly Pills.
Dr.. PERnAuLs is the only agent In CaIifornia
for DR. Brorr's Female Monthly Pills. Their
immease sale has established their repntation IS
female remedy. unapprcacbed and far ip advance
Of every other remedy for supprsssions and irreg-
ularities. and other obstructions in fsmaies. On
the receipt Of Ave dollars these Pills viii be sent
BY mail or express to any part Of the world, Sc
cure from curiosity or damage.
PsrsoLs at . distance can be cured At hsms, by
,ddressing . letter to Dr. PERRAULr, corner of
Sacramento and Montgomery streets, Rooms 10
and ii. or Box o73 P. O., San Francisco, stating
the as minuteiy possible, general habits Of
living, occupation, ETC., etc. s7ssse a.. -,
All communications confidential. jan3yi",ADS_REPRO
/scratch.hpc/nicola.barban2/data/AS_dataset_raw/year_1871/faro_1871/1871-09-20_p1_sn84026994_00294551608_1871092001_0065.json,1871,21,20,\babort[i1][o0]n\b,IN ABORTIHE ARREST.,"San FRANCISCO, September 10.
O'Donnell Cohen, the astrologer, and Mrs.
Knapp, charged with Abortion, were discharged
on ,lol pros, the attorney-general rejecting
the evidence of the deceased, because when
given she did not believe herself dying.",ART
/scratch.hpc/nicola.barban2/data/AS_dataset_raw/year_1871/faro_1871/1871-07-20_p4_sn89058302_00212470417_1871072001_0485.json,1871,38,37,\bbring[ -]?on[ -]?(?:the[ -]?menses|the[ -]?courses|her[ -]?periods?)\b,"DIR. J. ~BRADFIELD'S
Female Regulator !","IT WILL bring on the Menses relieve all main
L at the monthly L"" Period - cure Rheuma.
tism and Neuralgia of Back and Uterus; Len.
corrh9a or Whites"" and partial Prolapsus
Uteri; check excessive flow. and correct ali ir-
Irregularities peculiar to ladies.


II will remove oil irritation Of Kidueys and
Bladder; relieve Ccstiveness ; purify the Blood
give tone aud strength to the whole system !:
clear the skin, impnrtipg n rosy hue to the
cheek and cheerlulness TO the mind.


1t 10 ne sure n cure In all the above diseases
as Qulnire 10 in Chills and Fever.


Ladies' can cure themselves of all the above
diseases without revealing their complaints to
any Que, which is always mortifyins to their
pride aud modesty


1t Is recommended by the best physicians and
the clergy.


LAGRANGE, Ga, March %, 1870.


Bradkeld Il Co., Atlanta, Ga.-Dear Sirs IL
take pleasure in stating that l have used for the
last twenty years the medicine you are now put
ting up, known as DR.. J. Bradfeld's Female
Regulator, and consider il the best combination
ever gotten together for the diseases for which
it Is recommended. have been familiar with
the prescription both as q practitioner OF medi.
cine and in domestic practice, and can honestly
say that consider Il n boon to suffering fe.
males, and can but hope that every lady in our
land. whe may be suffering In any way peculiar
to their scx, may be able 10 procure u bottle, that
their suferings may not only be relieved, but
that they may he restored to health and strength.


With my kirdest regards. very respectful
~, "". B. PERRELL, II. D.",ADS_REPRO
/scratch.hpc/nicola.barban2/data/AS_dataset_raw/year_1871/faro_1871/1871-10-06_p2_sn92053941_00295873590_1871100601_0019.json,1871,2,1,\babort[i1][o0]n\b,"Ladies', take Particular Notice.
The Real VelPau Female Pills","These Pills, so celebrated many years ago in
Paris, for the -elief Of female Irregularities. and
Afterwards for their criminal ON 10y ment In the
practice of abortion, are now offered for sale for
che hrs4 time in America. They have been kept
in comparative obscurity from the fact that the
origin stor. DR.. Velpau. Is phJ sieisn In Paris,
of great wealth and has strict tioursprn-
CT pies, and has withheld them from general uss,
lest they should be employed for unlawful par
poses


In overcoming FEMALE Distinctions, Falling
OF the Womb, = hites, Green Sickness, suppres-
sion, Retention, or Immodsrate Flow of the
Monthly Discharges, Nervous and Spinal Alice
items, Pains In the Back and Limbs, Fatigue on
slight exertion Palpitstion Of the Heart, Hys-
tsrics, &C., and will effect cure when all other
means have failed and, although . powerful
remedy, 10 not ecntain oalomel, sntimCny, or
anything hurtful to the constitution


To married ladies and young girls who have
never been regulated, they are peculiarly suited.
They Will, In . short time, bring on the monthly
period with regularity.


CAUTION Married Ladies' should never take
them when there is any reason to believe them
selves pregnant, for they will bssurs toprodues
niscarrisge


ladies' can procure box, scaled from the eyes
oftns curioss, By enclosing one dollar, and sir
postage stamps 20 II W. MAC0HBER, General
Agent for United States and osnsdas, st Albany
H. Ia OF Of any satAsrissd Assat. nya<lsIy",ADS_REPRO
/scratch.hpc/nicola.barban2/data/AS_dataset_raw/year_1871/faro_1871/1871-02-05_p3_sn85033699_00200293435_1871020501_0126.json,1871,6,5,"\bavoid(?:ing)?[ -]?(?:conception|pregnancy|offspring|children)?(?=|[-–—:;,.]|'s)",,"E0l T. 90 -ni4fs- -
of angels, and dc believe she gsa one
almost. II q sd
Give me just another pipe of your
tobacco. Thankye. Very good tobacco
it is, too. ~ f @
We'll, week from that day l was ly-
ing in bed all battered and banged up.
MY eyes were nearly closed, my nose
made into jelly, my head as knotty all
over as could be, my arms and body just
as sore as boil. In fact, l was nearly
beaten to death, all of which was done
by that man Limber-Stick lobe. l forced
the fight on him. BE said he didn't want
to fight. Said it would disgrace him;
out if nothing but fight would do me,
here goes. Then that timber stick began
to warp round my head in sharp, we'll
aimed, rapid blows that, do as might,
couldn't avoid. In fact he licked me.
Thrashed me till bawled.


Now then, l had been lying in bed
about week, suffering in mind and body
on account of that drubbing, the only
one / ever did get, when my landlord
came in with my dinner.


""Well,"" said he, as he sat down the
tray of victuals and hooked at me doleful-
ly. 'Well, Tom Register, you're getting
well enough now to explain matters
little, and l want to know what on earth
you picked up and forced fight with old
lobe Balew for?""


l gazed at the man steadily q moment
to see that he was not quizzing me for
sport, then l said


""Why, just because he's always been
the bully here, and wanted that position
myself""


'Been the bully!"" echoed the landlady;


''been the bully! Why, he's Methodist
preacher, and never had a fight before in
his life, man""


""Whatl"" l calculated, in utter eonster-
nation.


Certain, sir, he's Methodist preach
er, and spite of his good, pious ways, all
the miners, blacklegS and spectators like
him, for he don't care cuss if they have
all their fun with him, and call him Linn
ber-stick lobe instead of Parson Ballew,
as they ought to-""


.''Ballew, Ballew,"" muttered. els he
any relation of Nettie Ballew2""
Certain, sir; she's his""


Thunder! o, Lord! What have
done2 Landlord"" said l, in breath :;
""post right off to Parson Rsllew, and tell
him to come right here and see me,
quick !""


The landlord gave me one startled look
Il must have looked deathly), and then
bolted off. Ballew happened to be pass
ing along the street, and was brought right
in. was crazy-I was wild.
ooh, Dir. Ballew, forgive me, forgive
mel"" cried. 81 didn't know you was
Nettie's-p


Husband"" he put in, very calmly.
''Yes, "" she's my wife""





''Here, take this pipe; guess I've
smoked enough""",OTHER
/scratch.hpc/nicola.barban2/data/AS_dataset_raw/year_1872/faro_1872/1872-06-03_p2_sn92053941_00295873607_1872060301_0147.json,1872,1,0,\bpessaries?\b;\bpe(?:ss|ß)ar[iIl1]es?\b,DIR. BIGELOW,"


Hhas removed frem No. 179 South CLARK st., cor.
ner of Monroe, to No. 464 SOUTH STATE
STREET, CHICAGO.


It we'll known by all readers of the papers
that DR.. C. BigslOw is the Oldest established
ply stefan in Chicago, who has made abe treat
nent of all chronic and sexual diseases tpe-
cialty. Science and experience have made DR..
B. the most renowned SPECIALIST Oft age
honored by the press, esteemed of the highest
medical Attachments by all the medical in sti-
tutss of the day, having devoted TWENTY
YEARS OF HIS LIFE in perfscting remsd les
that will cure positively the WORT cases Of
CHRONIC AND PRIVATE DISEAeEs of the
GRNITO- URINARY ORGANS in both sexes,
Seminal Weakness, producing EsrysuInsss
Aversion to Society, Impaired Vision, Loss
Memory and Manhood, perfectly csred. 1t il
evident that one who confines himself to the
study Of certain diseases, treating Thousands Of
cases every year, must have greater skill than
physician in general practice. Read his MED'
IcAn TREATISE for ladies and gentlemen. Sent
free to any address in sealed envelope. Consul
tation Free. The finest rooms in the city, with
Separate Parlofs for ladies and gentlemen. Call
you see only the Doctor. Correspondence Con
hdsntial. Address all letters TO DR.. c. BIGR-
Low, No. 464 State at. Office hours from A.
| II. to P. NJ; Sundays P. M. 80 5.


E.B.-Ladiss, send for descriptive circular
Of Pessarie ReHede, the best prevention Of con
eeption known. Sent TO any address; enclose
stamp. jan10,d4wIy",ADS_REPRO
/scratch.hpc/nicola.barban2/data/AS_dataset_raw/year_1872/faro_1872/1872-03-30_p2_sn92053941_00295873590_1872033001_0624.json,1872,27,26,\bfemale[ -]?(pills?|safe(?:ty)?|remed(?:y|ies))\b;\bfemale[ -]?p[i1]lls\b,"JOE AGoRHs' a
Sir James Clark's Female Pills.","These invaluable Pills are unfailipg in tAe
cure Of all those painful and dangerous diseases
to which the female constitution 10 subject
They moderate all excuses and remove all OBJ
stTuctions, from whatever cause.


To MARRIED. LADIES


they are particularly suited. They will in .
short tine bring on the monthly period with
regularity; and AlthOugh very powerful. con tain
nothing hurtful 10 the constitution. In all cAsss
Of Nervous spd Spinal Affection, Pains IN the
Back and Limbs, Fatigue on slight sxertiOn,
Palpitation of the Heart, Mysteries and Whites,
they will sasc, cure when all other moanB have
IA lied. The circulars around each package give
full directions ana advice, viii be sent free 20
all writing Tor them, sealed fro obsery alton.
SPECIAL NOTICE.


/ Ttis the fate Of every true valuable medicine
TO be CONTAMINATED. job Moses Sir James
oArke's Female Pills are extensively coUNrER-
FEIr D. Dishonest Druggists endeAvor TO sci
the countorfoits 90 make greater PROFITS.
! n. B.,-ln all caseI where the Genuine cannOl
be obtained, One Dollar enclosed TO the Sole Pro
pristor, JOB MOSES, Is eortIsndt Street, New
| York, win insure bottle OF the Gsnsins, con
containing Fifty Pills, BY return msil, securely
sealed from any knowledge of itscontents.",ADS_REPRO
/scratch.hpc/nicola.barban2/data/AS_dataset_raw/year_1872/faro_1872/1872-12-19_p2_sn85034301_00295873619_1872121901_0067.json,1872,3,2,\bm[i1]scarriage\b;\b(?:m|rn)[i1]scarr[iIl1]age\b,"The Real velpau Female Pills.
Warranted French.","


Thee Pulls 50 celebrated many year, ago III
Paris t,r IN, relief of female hrcgularitir- aud Ut


erwur- Der their criminal rJnihOy utnt iu he prar-
rice 90 ghor Inn offered for -le Tor thc hr-i
tima America Tuey have been sept 10 coupara
tive insecurity from the iuct that the ""rl-inaIot, bT
Vrpiu T. phy-cinn In PaFi-. oi great wealth. and
ha- considerations principles. and has withheld
them from general use lest they -1u""id o' employed
for uglawlul purpu-C--


IN overcoming remale Distractions Failing Of the
Womb Whites Green sickness, Suppression Re
tentiop. or lmmudc-a'e Flow OF the Monthly DE-
charges. Nervous and Spinal Affections, PIN III the
Back and limb, rHugu' on slight rNe-tn. P1Iifta-
ton vt the Heart, Mysteries, &C and viii alrct a
cure whcu al other means have failed aud, althnu-h
powerful remedy, do not contain cHlomcl, antlmo-
ny. or anything hnrtful to the constitution


70 married. ladies anu young girl~ who have Brv''r
been regulated they a'c peculiarly suited They
viii. In short tine, bring on Il"" monthly perioc
with rt1uiarty.


CAurIoH Married latiies .hp1'I never tax"" them
WHEN fh~F g. y 90 hcltcv. themselves Ircg
uaut iar they viii be snrr 10 prudgcc miscarriage.


Ladies can prUcHrp a box -eard from the ewes OF
fhr curious hy enclosing one dollar rd SIX passage
-tsmpS 70 NV MACON Der 0enenh gent for
United State and IN 81 J. .; AihaiS y Y or ANY
sV. bur,cd pg'ut


+ = tuis-El'ati. u p, mai OF all di-eG-es ~ 2
prS r. Na'urs e., both .,s~ aiiG viii supply mi D.
ME R-woEfs -e'ureiy plcSo', from uh.csyti,ut
Furhcs iniITWatI'.u tuTsa r'Iru ua recap Ui I'VE
stamp 90 f'tuTu postage Adtre>> as above.
5-s4dNIy",ADS_REPRO
/scratch.hpc/nicola.barban2/data/AS_dataset_raw/year_1872/faro_1872/1872-04-24_p3_sn85033295_00271768734_1872042401_0339.json,1872,49,48,\bfemale[ -]?(pills?|safe(?:ty)?|remed(?:y|ies))\b;\bfemale[ -]?p[i1]lls\b,SPECIAL NOTICE.,"1t is the fate of every truly valuable med
icine to be CoUNTERFEITED. Job Noses Sir
James Cgarkes female pills are extensively conn
forfeited. The genuine have The name of
'Job Moses on each package. All others
ere worthless. Dishonest Druggists en-
deavor 10 sci the counterfeits to make
greater profits.


N. BIN all cases where the GENUINE
cannot be obtained, One Dollar enclosed to
the Sole Proprietor, JOB MOSES, Is Cort.
land ST., New York, will insure bottle Of
he genuine, containing Fifty Pills, by re-
urn mail, securely sealed from any knowl-
dye of its contents. 35-lyr.",ADS_REPRO
/scratch.hpc/nicola.barban2/data/AS_dataset_raw/year_1873/faro_1873/1873-10-10_p1_sn86072143_00280777031_1873101001_0587.json,1873,31,30,"\bavoid(?:ing)?[ -]?(?:conception|pregnancy|offspring|children)?(?=|[-–—:;,.]|'s)",AGRICULTURAL.,"


outsiders interfering in family difficulties.
AGRICULTURAL.


THE INTELLIGENT FARMER.


An Agricultural Society should teach far
mers to pat more brains into work; farming
Is not to dig and plOw and hoe alone, but to
watch nature and rise with knowledge other
ways. Neat buildings and good stock, the
support Of schools and the use of labOr-saving
machinery supplanting drudgery; these in
| dicate the intelligent farmer and if intelli-
gent the happy man. The farmer whose
| buildings toppc, whose kline are lean, and
who has to be chlorof0rmed before n school
tax can be extracted from him, belongs to
the lowest order of industry. The one gets
rich and has time for rational enjoyments ;
| the other Is always poor and always crowded
with work Luck does not make the differ
ence; the first loved his work and put mind
into it; the second de-pised his work and
longcl to 20 West;-cnjoyment pays the one
and continual discomfort the other.
The intelligent farmer can grow to a
rounded manhood. Not only Stewart, now
the merchant prince, has become great
I
| ply in shoeing horses, and Hugh Miller
found it in a stone quarry. They were not
slaves in their work, going about it without
| thought


The glory of this country is that it e lets
/ ont its workers they may grow, govern rs
well as obey. and become thinkers A. well a.
workers. They are better paid here than
| the European workers and have better means
of culture. Those who come to our shores
from abroad find opening before them larger
/ opportunities and become worthy citizens by
improving them. Citizenship and . n
chance III man with ambition and hope
/ The foreigner does not find here the pyrl-
mid, rs Russian society has been called,
/ with the laboring classes NJ the bottom and
the Car ut the top, not the concentric cir
| clcs Of orders of people rs found in England
/ with the monarch ut the centre, and the po-
| sition OF each unchangcabc He finds rath-
| er n way. open 10 all who work intelligent
| ly. from the bottom to tie top. 10 travel
| this way is the hirthright of labor


Iland-workers are 10 demonstrate their
/ grown by results. AMI this S1cie,y meets to
nurl those results. They should be profit
able results ~hoWin. the discovery Of new
/ trgth- during tine wear. There are features
that do not seem to be- of great utility How
/ is it that so many premiums can bc afforded
/ for horse-raciuc2 Ihe best horses are not
/ necessarily he hest trotter-. While one
man IN the market calls for racer thou
| sand call forothcr qualities. Nordoes horse
racing certainly have tendency To promote
/ speed In our Vermont ho's,~-the winners
| OF your premiums are quite as likely tp be
/ some lau,eru-nwc1, ~lamh.c-glitcd, broken
/ down Bo~iuaute. from some foreign race
course. as to he from your own stables and
{ of your own growth. Bc-.lc- saeh cxhi1i-
ti0uS encourage ~pccic- of gambling ihat is
clrruptin- and induce wan, Of respect for
law and order. converting an exhibition of
mechanical and agricultural skill into a de-
moraiizing sport. One county in the State
! offers 5000 in premium. Of which 5000 is
for trotting. What growth do the workers
realize from such q state of affairs IN H.
Porers' Idaress ltor ttr Washington Co.
igr1'rr0' Naoiry.


SNAIL TElus.


Up1n this subject the New York World
has these sensible remarks, which although
Well known to every thinking farmer viii
3 bear reitera;iu-.


Il a-t1ui-he- great many men g. notice
how many more other men persist IN fencing
small feli--in keeping up fences wher'
they are not needed and Flowing short fur
rows where long ones would save vast dea
of time and labor. besides avoiding th,
trampling Of the ground In turning. which
few men knew how to avoid. The economy
Of time and labor in farming Is as important
as the saving Of crops. Two long rows o


ffsf",OTHER
/scratch.hpc/nicola.barban2/data/AS_dataset_raw/year_1874/faro_1874/1874-06-26_p4_sn85034082_00517177271_1874062601_1021.json,1874,49,48,\bbring[ -]?on[ -]?(?:the[ -]?menses|the[ -]?courses|her[ -]?periods?)\b,"DIR. J. BRADFIELD'S
Female Regulator","Ii will bring on the Menses; relieves all pain


nj the monthly Period cures rheumatism
and Neuralgia of Back and Uterus; L-ncor-
rhpa or Whites"" and partial Prolapsls Uteri;


cbecl, excessive flow, and correct all Irregular
les peculiar to ladies.


II will remove all Irritation of Kidneys and
Bladder; relieve Costivrness purify the Blood
give tone ard strength TO the whole system,
clear the skin, impatilig rosy ine 10 tie


cheek, and cieerfnlness TO the mind.
1t is as sure a cure in all the above diseases


""a Quinine is in Chlls and Fever
Ladies can cure themselves OF all the above
diseases without revealing their complaints te
any person. which is always moftlfyingto thrli
pride and mOdesty.


1t is recommended by the best physicians aud
the clergy:


LAGRANGE, GA. March %, $50.
Rradfield g. Co. Atlanta, Ga dear Sirs
l take pleasure in stating that have used for


the lasi twenty years the medicinr y""l aie
now putting up, known a Ilr. J. Bradiirid'e
Female Regulator and consider it the hest
hination ever gotten together ful HE dseasea


for which il il recommended have been Ia
miliar with the prescription both a. a liacri.
TONER of medicine ard in domestic practice. and
can honestly say that consider il boon i,,
| suffering females. and can bur hope that ever,
| lady in our whole land, who may be suffering
| in any way peculiar to their sex, may be abb.
| 10 procure bottle. that their snfferngs may
| not only be relieved but that they may be re-
stored 10 health and strength. With my kind
| eat regards, ! am respectfully,
w. Ii. FERRllL, NJ u",ADS_REPRO
/scratch.hpc/nicola.barban2/data/AS_dataset_raw/year_1875/faro_1875/1875-06-10_p1_sn85033964_00212470181_1875061001_0521.json,1875,58,57,\bprophylactics?\b,,"WHAT MOSQUITOES ARE MADE For
The scientific conclusions reached bv
DIR. Samuel w. Francis, of Boston, wis
doubtless be welcomed by all who con
template passing the summer months in
the mosquito bearing districts. The
doctor declares it to be his firm convic-
tion that the genus cuJCr was created
for the purpose of driving man ont of
the malarial districts. Since, however,
man is thick headed, and often won't go
when he is driven, Providence has COM
missioned the mosquito first to punish
him for his coming, and then to apply a
prophylactic in view OF the malaria he
must of necessity inhale. That is to
say, she (for it is only the female mos
quito that bites) hypodermically injects
into the wound a fluid which possesses
the properties of quinine. Let us not
too closely examine the correctness of
the doctors conclusions. Rather let us
as the season advances drop off into
dreamland, In the serene consciousness
that the song which lulls rs to sleep
merely announces the presence of a
physician who furnishes his own niedi-
cines, makes up his own prescriptions,
and carries his bill away with him.",OTHER
/scratch.hpc/nicola.barban2/data/AS_dataset_raw/year_1876/faro_1876/1876-12-09_p1_sn84022982_00513688647_1876120901_0375.json,1876,12,11,\b(?:M|RN)rs[.]?[ -]?B[iIl1]r(?:d|c[l[I[1lI]l][1lI]])\b,"The birds mus know. Who wisely dag


Will sing - they;
The common alr haa Genoroun vin0.","The birds mus know. Who Wisely dng


Will sing - they;
The common air hes generous Wig.


eopgs maize their way.
No messenger 70 run befsFe,


Devifing plau:
No mentisn 81 the place o. hsus


To any man;
No waiting I'LL some sound bstrsys
4 listening ear;
No different voice, no nsw dGlays,


II steps daw near.
""what bird Is that, Ih soag h sssd.""


And eager sve
Go pssring through the dusky wood.


In glad surpstse.
Thsn late At nisst. vhsn By his ars


The traveller sita,
Watching the flame grew brighter, brisAtws


Ths sweet sosG 6its
by suatches through his ssory bssin


To help him ret
when NEXT be goes that road sgsin
On lssNs.s bcuxh viii make hin -.


""Ah me! laet spring
Just hsrs heard, IN passlng By,


That rnrs bird sins 7""
Dat sa..s ~. :. - y ss..sPsgiss ..-.s.a.N..
The little bird on tirsless wing


IL borne along
In other air, and othse nsa


With weary fest,
On other roads, the simple strain
The birds must know. who viss ase


Will sing % they;
The common air hes generous wipsA


BorgS make the3r way.


III N IA ne Nee Cssisvy for Wossss-",OTHER
/scratch.hpc/nicola.barban2/data/AS_dataset_raw/year_1877/faro_1877/1877-11-29_p3_sn85025587_00383346782_1877112901_0526.json,1877,1,0,"\bavoid(?:ing)?[ -]?(?:conception|pregnancy|offspring|children)?(?=|[-–—:;,.]|'s)",SLAVES OF DEBT.,"In would be curious speculation
to inquire how long the people OF Eu-
rope will be likely to endure the enor-
nous load of debt under which they
are now grooming. No one believes
that the principal of the European
debts can be paid, and the war goes
on year by year, adding to both prln-
cipal and interest. If these frequent
"" returning wars do not soon come to
an end it will be impossible to pay ev-
en- the interest Of these debts. Then
the great powers of the world will be
reduced to the condition of Turkey,
and be compelled to repudiate, and il
they 90 to war at all, carry it on in a
crippled and inefficient way. The on
lv use of their intOlerable debts that
any one can see is to compel the ma
tons, finally, to keep the peace.


At present, however, the people OF
Europe are slaves of debt. All the
fruits of their toll go to pay the inter
est on the enormous national Obllga-
tions. A condition of debt like this
is oppressive to all true freedom and
manliness. There is no form Of slav
cry more oppressive to nations or in
dividuals than that of debt.


The American people should take
timely warning from European exam
pies. The national debt which now
exists here should be paid off as soor
as possible. We should see to it, also
that no form of debt shall again be al
lowed to press upon the people. Fo
this purpose let US avoid, as we wOult
slavery and ruin, the perpetuation o
sectional animosities by the fanatica
and malignant politicians, whose evi
counsels if followed up would involv
us again in sectional and perhap
civil War.-BattimOre Sun.",OTHER
/scratch.hpc/nicola.barban2/data/AS_dataset_raw/year_1878/faro_1878/1878-11-15_p3_sn87082573_00211101155_1878111501_0449.json,1878,25,24,\bfemale[ -]?(pills?|safe(?:ty)?|remed(?:y|ies))\b;\bfemale[ -]?p[i1]lls\b,10 CI[RE NO FEE IPn. a G. Q,"spitsl 1877 East Washington street, Chicago for
cure OF oil private, chronic and special diseases.
tAiSAL WEAKNESS, NERVOUS DEBILITY and LOST
ksnooD, permanently cured Or q. II a graduate
The Reform School and uses no mercury; has the
Seest practice In the United States, LADIES re-
Hiring treatment, with home and board, call or
3l,c. Every convenience for patients. Send any
nts for MARRIAGE GCfDEl us pages illustrat.


Married ladica and gentlemen send 6ny cents


sample of rubber goods and circular Of import.
information by express Consultation free aud
nadcntial Reliable Female Pills s. a box.",ADS_REPRO
/scratch.hpc/nicola.barban2/data/AS_dataset_raw/year_1879/faro_1879/1879-09-26_p7_sn83030313_00271744067_1879092601_1104.json,1879,1,0,"\bavoid(?:ing)?[ -]?(?:conception|pregnancy|offspring|children)?(?=|[-–—:;,.]|'s)",,"government shuts it's eyes to facts tanta-
mount to conspiracy against friendly
sovereign, and says that by doing the
government will, soon or late, expose itself to
remonstrances which it should carefully avoid.
The Daily Necs' Paris correspondent, referring
to the communication published in the Gaulois
about Senior Zorrilas intrigues, ys:-''If this
communication emanates, as reported, from the
Spanish embassy, it is an indication that, in
King Alfonso's opinion, the Austro-G German alli-
ance BODIES no good to France OF he would not
dare thus to bark Mt it's heels and seek an ex
excuse for quarrelling later"" 1t is to be re-
marked, however, that the foregoing is believed
to be sensational and untrustworthy.",OTHER
/scratch.hpc/nicola.barban2/data/AS_dataset_raw/year_1880/faro_1880/1880-08-19_p1_sn86053402_00280779283_1880081901_0807.json,1880,8,7,\bcond[o0]m[+s]?\b,Cough and the Bible.,"While In England, says John Il
Cough, was invited TO church with q
clergyman who is now bishop OF Car


isle, and we had a discussion for two
hours. A titled lady was present and
she helped him. Twas alone, and had
to bear the whole brunt of the battle in
the Scriptural argument.


""The Bible permits the use OF wine,
said he.


""very WELL"" said Il ""suppose it
doesY""


""The Bible sanctions the use Of
wine""


Every well, suppose it docsP""


""Our Savior made wine.""


81 know he did""


""Why, we thought you were pre-
pared TO deny this""


81 do not deny it; can read""


""Wine Is spoken Of in the Bible as a
blessing""


replied: ""There are two kinds Of
wine spoken Of in the Bible""


Prove it.""


81 do not know that cafi, but will
tell you what it is; the wine that Is
spoken of rs blessing is not the same
that is mocker, and the wine that is
to be drunk in the kingdom OF heaven
cannot be the wine Of the wrath of
God. So that although Icannot proveit
learnedly ] know it is SO.


Now, there are others who 90
farther than I can 20, but you will
please let me go as far as lean Under
stand it, ard if l cannot go any further
do not find fault with me. ! hold that
the Bible permits total abstinence; !
would rather search the Bible for per-
mission TO give up lawful qualification
for the sake of my weaker headed
brother who stumbles over my ex-
amples into sin, than TO see how far
can follow my own propensities without
committing sin and bringing condom'
nation upon any ones soul""


Another gentleman who came TO me
for long talk said: 81 have a con.
scientious objection to teetotalism, and
it is this; our Savior made wine at the
marriage at Cana, in Galilee.""


81 know he did""


"" He made it because they wanted
it,""


$50 the Bible tells u.s.""


"" He made it of water""


""Yes.""


Then he honored and sanctifed wine
by performing a miracle to make it.
Therefore"" said he, Il should be re.
preaching my Master, if / denied its use
as beverage""


""Sir,"" l said, I"" I cannot understand
how you should feel so; but is there
else you put by which our
Savior has ho,orodP""


No. do not know that there is""


""Do you eat barley breadP""


""No,"" and then he began to laugh.


""And why notP""


Because don't like it.""


Every well, sir"" said l; ""our Say
ior sanctifed barley bread just as much
as ever he did wine. He fed 5000 peo-
pie with barley loaves, manufactured by
a miracle. You put away barley for
the low motive of not liking it. l ask
you to put away wine for the higher
motive of bearing the infrmity OF your
weaker brother, and so fulfilling the law
Of Christ. l wish to say, that man
signed the pledge three days after
ward""",OTHER
/scratch.hpc/nicola.barban2/data/AS_dataset_raw/year_1880/faro_1880/1880-02-28_p4_sn83030214_00175039788_1880022801_0506.json,1880,7,6,"\bavoid(?:ing)?[ -]?(?:conception|pregnancy|offspring|children)?(?=|[-–—:;,.]|'s)",GENERAL NOTES.,"


The election expenses of Lord Ramsay at
Liverpool were sos O00-with nothing whatever to show
for them.


At fancy ball recently given in London
the hostesss three little girls dressed kittens,
with dead kittens on their heads, and her two
boys cupids. with nothing but blue scarfs and
wreaths ofpink roses.


England expects every man to do bis duty, but
is convinced that charity should begin abroad. The
American contributions In aid of Ireland exceed
S6O0,000 The amount actually subscribed in England
Is not more than 1925. 900.


About 100000 was saved in the construc-
tion OF the Hoosac Tunnel by the OF an improved
drill. The of the drill who died In Boston
Tuesday last only $4,000 for the conrivance.
He also invented series OF signals for ships OF
war. which highly commended by the Governments
and patented both In this country and in Europe
He made many other contributions 10 labOrsayng ma
chinery, but Notwithstanding his inventions he never
realized even comfortable competence from them
owing to the difficulty OF Introducing them before the
expiration OF the patents.


A trunk and its contents were sold by auc-
Spiritual circle in Philadelphia two nights ago.
The goods belonged to deceased member OF the COM
muniOn, and sold under his spiritual direction
The first thing offered was a small quantity o. whskey.
which was purchased for a dime Photographs OF the
of tue property disguised a spirit were nexs
exhibited. but there only nominal demand for
them. glass goblet, dressing gown, an old coat.
tin cup pair Of scissors thImbe, paper collar box
aud some thread disposed OF without difficulty
Among the spectators was QUOT little man named
David who goes around the country buying herbs and
he meant business. When big black oil cloth carpet
bag was put UP he got It, Then came pair OF slippers


dmens TO SUIT coat aud before the auctoneer
had time TO say any more than ""just examine those
soes,"" David had them for quarter lie also purchased
light duster for 10 cents and couple OF waisteoats
Ias1 OF an came the trunk ITSELF which somebody
started 81 but David carried II on for "" 40 Inc
sale was a financial failure, aud the conviction was





lists associates that they would better take thef DaR
gage with them TO the SPIRIT land


The Orient steamship ChlmborazO had
narrow escape IN a hurricane fortnight ago and was
compelled to put back to Plymouth in crippled con-
dirlon On he first night out strong gale with hard
squalls and high breaking prevailed. The snip
pitched heavily and shipped much water over all NO
damage was, done until few minutes before
o a. the morning. At that time the wind had
veered round to the westward. and tremendous seas
were rolling in from the Atlantic. Just before o'clock
an unusually heavy sea was observed TO windward,
towering high above the Of waters aud bearing
down on the vessel threatening to carry everything be-
fore It. gne sea was watched from the vessel WITH some
anxiety but hoped she would escape its rum or
that It's force would be expended before 1t reached her
II struck the vessel weather beam, heeled her
over and came on her sarboard side just before her
funnel and abafr her bridge pouring her with re-
sistess power For the breadth OF the sea- about hy
feet the spar swept, and everything on 10 In
that space of sufficient Size 10 obstruction was car
ried overheard The vessel six out OF her eight large
boats their day5s, the galley skylght the engine
room sbyght. the appurenances OF the smokinSroom'
severa sheen pens the saloon compaDion the venta-
tors "" slOkehOle ana the general htlngs OF he
vessel on part OF the deck followed the boats Inc
shock was fearful the moment II was reared lat
every person that standing on hat part OF me yes
sci have gone with the wreckage suoaeQutut *
animation proved, however that while but Few DGlyd-
uas situated had escaped being more or less INJURED
fortunately only three persons were s""epI oNeruoru


In an admirable article on "" True and False
Tmperias"" The Spectator contends that England once
enrioved Roman methods to maintain her sway over
the colonies in North America and thereby lost an en-
pe more valuable though not more extensive than thas
she now possesses. Had North America IL argues,
""remaned British under any system federation the
Englishspeakng people woudhave been at the top ofhe
world the arbters OF the human raeeand that this did
not occur was due exclusively TO the Jngosm OF George
Urv SIN closer parallel Is drawn VITA the Spanish
Empire OF Philip ia ruler determined on rule ana
predomlnance careless of the dIgny ana the ""lshes
and the interests OF race but his oni oetermheo
10 assert supremacy. performance, every""here eat-
| ine England as we treat Russia claiming IN south
Amertea the isolation we claim in Asia; ayengng his
| nride I'm the Low Countries we have been avengng
ours in Afghanistan; cOurtng rather than avoiding,
onarrel; showing himself in all things most deter
mined most able and most enterprsiug lingo Inc
results OF false Imperialism are thus summed upi


Spain has sunk the third grade she has never been
able either to cOnci 70 keep, when she had ao'
oured Portugal the IDeran Scotland. she has lost her
Ireland the Low Countries. she never even seriously
wounded her Russia England though she fought us for


century in all climates and with far superior resources
Aud finally alienated alike the suOugated In
diaus aud tnc whites through whom she governed then'
thai she lost India Spanish America ana the span
lard has no btterer enemy than the Hspan0Anerlcan
And the cause Of that loss was in hfef JngosIn TIE
resolve to be sefshy predominant and to make seInsh
nredomuunce felt at any cost the fixed determination
10 consider the interests OF spain as paramount 10 REV
I'm every emergency and under all circumstances on inc


dfplo
peope the bulldog tenaey and courage 0l her sOidet,
40 ike IN many respects to our own ana not on any
pripciple respected by all mankind""


PUBLfC OPINION",OTHER
/scratch.hpc/nicola.barban2/data/AS_dataset_raw/year_1881/faro_1881/1881-06-22_p3_sn83025287_00100493913_1881062201_0392.json,1881,4,3,\babort[i1][o0]n\b,"ROCHESTER,.","ROCKIES: ER, Juns 20. But thi::y-sx dogs out of
the 2Oc iaSe been lynchel as Yet.


h'oIzn coy, ut 5ai IN, one os tie Oldest titi-
zens il @ nsiet county, died of drorsy Saturday.


Miss AL,;a Olson domestic who care here from
JaDesyl.v, dim, nuiuier f lEonths
ego, G.eA r'iidsy, at y from al abortion that
she committed on haissf.


NTho c.icren Of the Methodist Epi co: al chu oh
gave over So 10 he Naml.Le Uani,ersiiy at heir
flower service yesterday. G. F.. Jen. iugs, an Ohm
sled cpui 6o:, took the oritor.cal prz S5y for
al their -, eat Co.na-cs.ctlGsiIt exercises.


The advance fuud Of nineteen men of Fore
paUgL's show cams ii yesterday morning from la
Crosse hey will spend day mare and Ge. a: t
to Manksto, thei-ce to Sioux CIy The second car
will arryo week later. The circus will be here July
9Th.


The GreeYbacktrs OF Ola ssd county assemble ed
in Hunters hall saturday aft, aud elected the
following gentlemen to att5ud the State convention
Minnea:, iis, Juus I'D: Hoa q. 5 Rogers. J. s.
FAN, af,erson, z. Porter, II II. o. H Page,
Henry Poster


D Miller L Co. have ope:e ed the Cook house.
it having tie costd fer repairs nesrly four
months, and has undergone thorough remode ing,
and is Nonierluly improved. The dalk and diagy
office has bee"" enlarged neatly double, and Is Low
well iiShted, W ais 10 hind the desk stands Mr..
j. Sent, from the Irerl h1 Sc Of =. icseo,
who extenas kindly sreetirg to all the atoms OF
the hutr Al The looms OIL tie south, Ia the ihir
and fourth stuiies, Which in bygoue ia, opened on
the inLe: cont have, by changing the h,ll
and tuLLLg -IIdovs tine ugh h. - ute Az m, d.
them Vel desirable and Plea ait AL the rcolns arr",ART
/scratch.hpc/nicola.barban2/data/AS_dataset_raw/year_1881/faro_1881/1881-01-13_p2_sn83030214_00175039831_1881011301_0114.json,1881,20,19,"\bavoid(?:ing)?[ -]?(?:conception|pregnancy|offspring|children)?(?=|[-–—:;,.]|'s)",,"would benefit the Commission wonderfully It Is suf


an assurance Of success think However that time


Is OF the essential conditions OF success we nave
we desired 10 and whom we have not been able 70
hnd 1t seems to me that common-sepse Should eaoo
gentlemen until we had first consultedNhem. To avoid,


therefore, any mistakes In the future and to avoid men
have decided to report in favor Of continuing the pres,
emf temporary organization II we osn nave Few more
gentlemen. and that their names VIII be tower OF
the CS@missien ADJOURN until about Mach At which
time we snail be able TO report fully the permanent Or
| ganzntion. -, e.. ..~ d.. %. 9
Ex-Governor Crawford moved that the report be
adopted. "". A. Cole wished the date for the reas-
sembliug of the Commission to be March 10.
Racine d. Kellogg of Iowa. thought that accord


ing TO the charter the Commission could not adjourn
| until it had effected its permanent organization.
Ii might accomplish the same purpose. however by
| taking a recess until March. James II. Smart
thought also that the Commission could not adjourn
without electing its officers He said:
This work ought to be done in any case as soon as
possible If the gentlemen who compose the commit
semble at TIE end OF that time We must make haste
many St of e as sseed ow nd W
adjourn by March l. II intend TO get appropriations
from them for making State exhibits we must do II at
once.


W. A. Cole SAID that the selection of the officers Of
the Commission would probably depend to some
extent on the subscriptions. Inc work OF securing
these could not possibly be- done before February 10.


Abraham G. Adaus of Iowa, said that q great
many of the Commissioners from the West wo4Id
not be able to return to NewYork in amonth. lie
could n0t, certainly, but be willing to stay here
ten fifteen days If the work could be done in that
time


Joseph Carey, Of Wyoming Torritory, wanted the
Commission to adjourn for two weeks or until
March. lie thought that meeting in March won
be- well attended, as there was large number OF
people who going to Washington about that
TINE. As for the state Legislatures the Commits
sloners could go before them now and ask for APP
populations. They could assure them that the
Commission was fully organized, and that there
would surely be an Exhibition.


Mr. Stafford, of Arizona. thought that it was OF
vital Importance 10 20 to work at once. He said:


What IS hitting tins Fair is delay. am continually
asked II we are :. have an Exhibition We have got to
once we caunOt possibly have one.


David +. l. ter of Illinois. said


am opposed decidedly 10 giving ths committee moro
time. I""pp'elend that the Gertlenen whom the com.
mttee are looking tor live somewhere In or near inIs
city. do not believe that with the railways, the t""le-
era hs and the telephones at It's command, there ""a
ecncmdn IN this city whom the committees eanuot reach
within twentv-iour hours. Until the committee
give more substantial Iois0ns for the delay than It has
yet, you must not expect i9e 10 wall mere tlreo
days or fourteen days Dr. Newman himself cannot
gave good for the delay. II liz generally
dersood, Delieve what gentlemen tins comnitee Is
looking for There have been only two or three names
ui0nrd tor the presidency. nstCa Of putting
Commissioners from ""A distance great Inconvenience
by asking them to come 0nck here In two weeks
and hunt for The men they want, If th,y ineonvc
M themselves and those gentlemen sball the.



committee be infituctcd 10 report at that time.
r. >. Bcyier. OF Kentucky, thought that the Com
were bound TO accept The report of tho
II It's members enjoyed their confidence.
Tor the Exhibition to start well. The men whom |
the Commission wanted Tor officers could not bo |
delicate task to perform. It's members knew |
thoroughly, however, the men with whom they had |
TO deal aud they ought to be allowed to proceed III
their own way.


FREDERICK l.. Talcott said that the Success of the
Exhibition was not question OF presidents but a |
question of dollars aud cents and added:


Delays are dangerous. opposed therefore, to nd
ourning for any length Of mo Ie us come here at 10
o'clock tomorrow morning, and Work from day 10
day until We win success.


W. A. Cole said:


The members Of thieommittce have carefully con.
'dcred ali the objections to the adjournment
nave ,Se Commission como together before March
TO- Ia dcferouce To some OF the Western Commissioners
Il Will be- difficult enough for US 10 complete
work IN that tune Ous success depends somewhat on
,ny bren rIstence LITTLE oveT Tour boJrs and has
already secured 1000 or uncOndtOna Subscriptions.
,u,nrss OF tho Commission. but don't how the
reannalon oi tho Commission can Dc pert ected In
lay.


Dr. Newman SAID


| ain very much favor OF cfectiuR the organization
y TIE Commas now. am deeply Interested IN the
imo aud money "" insure Inis Ito not doubt that delay
viii be DANGEROUS nnless good Tor





n a sound financial bsais before approach the
nen want Those VIII cert AMY not accept our
iilccs until financial success Is assured.


Mr. Litter moved that the Commission adjourn
ntil p. ~. to-day. Mr.. Smart opposed thus. He |
hought that II the CUnmIssOn should send OFT q |
omniltec to beat around for twcnty-fOnr hours for
president and should not get the man IL wanted |
would throw dampcr on the entire project. tx
Governor Crawford sud that every day spent in |
hat way was dcarhblOw TO the Exhibition. The ,
IoI,on TO adjourn was then carried by vote Of ~
D 81. I
Part OF the $75, 900 of stock was taken a. fol-
,ws Thomas Rntter. 5000; j. T.. Townsend | I
. 900 James lacott -. 900; Lewis May 50 900;
). q. RolstOn. 5000; W. A. Cole. So 900; Rufus |
latch. 5000 Cornelius n. Bliss 50. 900 The
.maining S35, 900 taken by zen whose names ,
40 Finance Committee declines TO give. This with g
40 ~. 100 represented at tho ookholders met ?
~ MAKES so, 100 Ot stock Internationally taken
he New-Y0ik Central which subscr bed $3.50 600
tho only transportation company which has been u
pprUached.
There much speculation Yesterday among the e
to tho person hOm the Commit y
% ON Organization would offer tho presidency. W. | n
Vanderbilt. Hugh j. Jeweit, Cornelius Vanderbilt I
al Gercral Grant the most frequently II
entloned. The majority of the Commissio ners C
eined 10 think that the presidency would DO ten Z
cred To Cornelius Vanderbilt


! ~


TINE LTRR Rk/HPn | 8",OTHER
/scratch.hpc/nicola.barban2/data/AS_dataset_raw/year_1882/faro_1882/1882-11-02_p4_sn83008556_00296028526_1882110201_0574.json,1882,59,58,"\bavoid(?:ing)?[ -]?(?:conception|pregnancy|offspring|children)?(?=|[-–—:;,.]|'s)",,"CULTIVATION OF SNAIL FRUITS. Every
one owning or cultivatlng the soil, whether
In large tracts or a small garden plot,
should plant small fruits, for they are
even more than q luxury, they are real
necessity in maintaining health and avoid.
ing heavy doctor bills. Fruit grown on
ones own place is much better than that
bought in the markets, as 1t is always
fresh and thoroughly ripened. making it
more palatable and easier digested. Enough
small fruit plants should be set out to at
least supply the family needs, and if there
be any surplus 1t Can be sold or put up tor
winter use",OTHER
/scratch.hpc/nicola.barban2/data/AS_dataset_raw/year_1882/faro_1882/1882-04-19_p2_sn85026941_00175032356_1882041901_0271.json,1882,7,6,\babort[i1][o0]n\b,,"The extra session, costing the State
of Virginia not less than $4,000,
was called to pass several pet party
measures of the boss. Up to this
time every measure has failed, and
the session has proved a complete
abortion. They have not yet aban-
dsned their wicked schemes, because
they know that this is their last
chance. They know that thousands
Of Democratic Readjusters will nc
longer support party that attempted
to bind them, blindfold them and
turn them over TO the Radicals. They
know that from every stump they
promised the people that any deb
settlement made by them should be
subiec. to the ratification the people
and that they have gone back upor
their solemn pledges; they know that
they pretended to shield the people
from an extravagant waste of public
funds, and that as soon as they bad
the power, they robbed the public
treasury by their extravagant and
shameless appropriation of funds;
they know that they pretended to be
opposed to heavy taxes and When
they had the opportunity of reducing
the taxes frsm fifty to forty cents on
the hundred dollars, they almost to Q
man voted against the proposition
The know that the entire session has
been a disgraceful scramble for spoils
and that the true interests Of the peo'
pie have been subjected to party
measures, designed to benefit a few
politicians. With this record, they
know that there last chance is gone
and that when they again present
themselves before the people, inr
glorious defeat awaits them.",OTHER
/scratch.hpc/nicola.barban2/data/AS_dataset_raw/year_1882/faro_1882/1882-04-01_p1_sn84024738_00206531046_1882040101_0325.json,1882,16,15,\bprophylactics?\b,,"THE EMINENT PHYSICIAN, j. MARION SINS NJ
d., New York IL am convinced that Professor
Darbys Prophylactic Fluid Is amost valuable dis
nfectant.""


For smallpox and other contagious diseases
use DARBYs PBoPHYLACTIc FLUID. Persors
waiting on the sick should use it freely. u twill
prevent smallpox. scariet-feyer, diphtheria, or
any contagious disease from spreading, and the
worst eases viii yield 20 its purifying aud cleans
ine. effpctg.",OTHER
/scratch.hpc/nicola.barban2/data/AS_dataset_raw/year_1882/faro_1882/1882-07-23_p6_sn83030272_00175044784_1882072301_0671.json,1882,13,12,"\bavoid(?:ing)?[ -]?(?:conception|pregnancy|offspring|children)?(?=|[-–—:;,.]|'s)",,"


GER has published that portion OF his work on
Tho Principles Of Sociology"" which deals with
Political Institutions tAppletonsl. To discover
what truths may be aDlrh,vi OF political or
CARNATIONS at large is the problem which tho
author has uhdcrtssen TO solve in the present
volume, and as lre has been able to devote TO IL
only two years, ho does not presume to offer
more than IN approximation toward salts
factory solution. The topic. however. is in it.
self so interesting that this book will probably
find more readers than any in the long series
OF the synthetic philosophy. except possibly
that which set forth the data Of ethics.


The chapters of this work which will be most
carefully examined in such countries rs POS
Bess parliamentary or presidential scheme OF
government. are those which treat OF repre-
sentative bodies. OF ministries OF local govern
ing agencies. and OF judicial and executive
systems. Tracing the method by which ~
governmental influence Of the peor' ""a no
auired. Mr.. Spencer reminds no tho, tho
primitive political assem- NV wos esenntiaIlv
a war council. forced Of leaders who de-
pa.eu In PREF .snco OF their followers. That
tn's ID '+io normal order is attosted by
uie. tact that, after political disso-
tuition, organization begins de moro in this
way, rs in the instance of the Italian cities.
Attendance ut such primitive parliaments was
enforced by fine. because the obligation to
fight comes first and tho right TO vote comes
second. The obligation was primary and the
power secondary. and to vote money was at
nm early date understood to be the fundamental
purpose for which delegates or representatives
were assembled. II we keep this essential pur-
pose OF the representative system in mind. we
shall see that antiquity was not so ignorant Of
delegated authority us 1t is supposed to have
hnnn 10 pprtnin ayamplp TINT Guu1
Spain, all the Eastern provinces. and Greece
had representative assemblies under the
Roman empire. but the author should have
noticed that in most cases these bodies never
advanced beyond the initial stage Of political
development: that they existed for the sole
purpose Of fulfilling obligations and not at all
with the object Of exercising power. In Gaul.
Tor instance. as Guzot has shown, to be elected
Rmember OF a municipal council during the
fourth century Of our era. and to be thereby
made responsible for the tax levied on the
town. was an Office which citizens sought by
oil means in their power, to avoid,


So long as the central authority represented
the only power in the State. as was the case
under the Roman empire it was impossible for
representative assemblies numerous rs they
In fact were. to pass beyond the rudimentary
stage of burden bearers. 1t was only when the
teudal system brought the sovereign in coils
ion with n powerful aristocracy that these rep
resentative assemblies became indispensable
to one or the other of the two parties opposed.
and thus were enabled to ACQUIRE, first
consultative, and then Legislative
function. 1t is easy enough to understand
how. from the ability to prescribe conditions
under which money was to be voted would
grow tho ability to Join in legislation But how
does the representative body become separate
from the consultative body? This is hard
question to answer. although from very early
period We see foreshadowed a tendency to diff
ferentiation. Thus in England. though in the
writs calling together Simon Of Montfort's Par
lament, no distinction made between
magnates and deputies yet n generation after
ward counsel"" was deliberately mentioned in
the invitation to the magnates, but action
and consent"" in the invitation to repre-
sentatives But though at first OF little
account, and growing in power only
because the free portion of the community oc-
copied in production and distribution grew in
mass and Importance. the representative body
came in the end to be that part OF the govern
ing agency which moro and more expresses tho
sentiments and ideas OF industrialism. While
tho monarch and upper House in the British
political system are the products OF the ancient
system OF compulsory cooperation, the spirit OF
which they still manifest. though in decreasing
degrees the House of Commons is the product
OF that modern regime OF voluntary CO.
operation which is replacing it. And,
in an increasing degree this lower
House carries out the wishes Of people
habituated to n daily life regulated by con-
tract instead OF by status. In short we trace
In the development Of this political institu-
tion the operation of the general law Of organi-
cation, whereby difference of functions entails
differentiation Of the parts performing them
AT first summoned to the national assembly
FOR purposes partially like. and partially unlike
those OF its other members the elected men,
bers evince asegregating tendency which when
the industrial portion Of the community con-
tinucs to gain power, ends in the formation OF
representative assembly. distinct from the
original consultative body.


In his chapter on judicial systems Mr.. Spcn-
Ger marks the very recent date at which the
right of self protection has been disallowed
Down to the thirteenth century the Italian
mobiles regarded it as disgraceful to submit to
avs rather than do themselves justice by force
Of arms and the same feeling is traceabe
throughout the history of Europe in the slow
substitution OF public arbitration for pri-
vate notification Of wrongs, In France
Tor instance. judicial ducls (which were
the authorized substitutes for private wars
between familicsl continued down to the close
Of the fourteenth century. In England. rs late
as 1868, Legislative proposal to abolish trial
by battle was so strongly opposed that the
measure was dropped, and it WAS not until 1919
hat the option Of such trial was formally pro-
hibited. When protection by the State dis
places self-protecton it takes one OF three
forms. the primitive community. consisting Of
chief. hcadmcn and people and one Of these
three elements being at given time in the
ascendancy. II continued mlitancy makes the
ruling man all-powertul. he becomes absolute
ludcialy, MS in other ways. the people lose all
share in giving decisions, and even the judg-
mcnts Of the headmen who surround the ruler
are oycrriddcn by his will. If conditions favor
the growth OF the leading men into an oil
Earchy. the body they constitute becomes
The agent for judging and Furnishing Of
sences. as for other purposes. its acts being
little or not at all qualified by the opinion OF
The mass. II. on the other hand. the surround
ing circumstances and mode Of life are such as
to prevent the supremacy Of one man, or OF the
leading men. the primitive judicial power is
preserved nv tho npurppnta Of frnan,np ~, 10",OTHER
/scratch.hpc/nicola.barban2/data/AS_dataset_raw/year_1883/faro_1883/1883-11-13_p7_sn90061066_00200291931_1883111301_0830.json,1883,14,13,\babort[i1][o0]n\b,Beatty Again.,"Daniel +. Beatty, the snide organ hum


bug, Of Washington, n. j., and his ""extra-
ordinary offers"" are getting pretty we'll ven
tilsted. The Watchman has given its con-
victions of that organic humbug, more
than once and, now, the excellent paper,
the Dubuque independent, goes for him for
all he is worth. Mrs. Della E. Billings, of
Waverly, Iowa, accepted his extraordinary
offer by sending $40 for one of Beatty 8
$l2o Beethoven organs, for which he was
to pay the freight, SC. After about three
months most miserable abortion of an or
gan came, on which Mrs Billings had to
pay in freight more than The internal Dui-
sance was worth. His offers TO refund are
like his miserable good-for-noihins hum.
bugs Of organs, all bOsh. Mrs. Billings de-
scribes the organ as ""crude, rough, ILL.,
shspen, bellows leaky and clattery, keys
hard to press and apt to stay down after
pressure. Over half the stops stopped
working lumber thin, ill-6tting and crack
ed"" And, so on but these are enough to
warn thousands of readers OF the Watch
man that Beatty, the organ blk, is dead
beat.


The above is from the Waterman, of
Omaha, Neb., and is a mild sample of
hundreds of similar notices this Cheeky""
humbug is receiving from papers through
out the country. Any one that is fool
enough to send money to Beatty deserves
to loose it, but Beatty Acknowledges, him.
self, that he is after the fools.-Musical
World.


Sedalia has house that is reliable and
can always be found to make good any
guarantee it gives on goods sold. That is
the house of ]. w. Truxel, long time in
business and deals in only 6rst.class instru-
ments, refusing 10 handle snide instru.
ments. Again. there is another phase that
everyone should look at and that is in
keeping money at home. Buy all kinds of
goods at home that it is possible. To en-
courage your neighbor is to help yourself.",OTHER
/scratch.hpc/nicola.barban2/data/AS_dataset_raw/year_1883/faro_1883/1883-08-21_p3_sn83032300_00237282309_1883082101_0818.json,1883,37,36,\bprophylactics?\b,would Have Boon Set Upon,"Bathe the hands in Darbys Prophylactic
Fluid and no contagion will attack you.",OTHER
/scratch.hpc/nicola.barban2/data/AS_dataset_raw/year_1884/faro_1884/1884-06-27_p3_sn83045462_00280654620_1884062701_0289.json,1884,76,75,\babort[i1][o0]n\b,,"III.
Pulhorn on the charge OF selling lottery tickets,
and he LEFT collateral for hearing The same OH,
GERS arrested Paul Bonavires on Pennsylvania ave.
nue., near 12th street, on a similar charge He was
charged In the Police Court this orning with SELL
ing louisiana lottery ticket. Emanuel Steiner,
the paWnDroker. TESTIFIED that he bought Louis
lana lottery ticket from the defendant for which
he paid 81. The court imposed a fine OF 500. II.
Pulhorn was charged with the same o1ense and
livery stable, was arrested by Detective Ran this
morning on charge OF selling lottery tickets and
was taken 10 the Police Court, where he gave $500
ball for his appearance on Monday next


TIE QUEEN OF AMERIcA-Mrs. Lucinda Benfield.
who appeared at the White House some weeks ago,
claiming to be the Queen OF America, and to be en-
titled to the occupancy OF the thrown OF state was
this afternoon sent by the authorities to her home
In Louisville, KY.


RoBBERIEs REPoRTED-Peter Miller, ID street,
between 18th and 14th southeast reports that q
stolen from his house Monday.-Miss Hilbert, 1881
pennsylvania avenue northwest, reports that on
the 10th instant small gold hunting-case watch
ana quantity OF Jewelry, valued at $98 was stolen
from her bureau.-Cornelia Dorsey, 1885 G street,
reports that at the money order ONCE Post ONCE
II money she lost Ss with
bank OF Alexandra for $500.


HELD FOR HousEBRKAKING.-Sherm Sanders
an elghteen-year-old colOred boy, was charged In
the Police Court to-day with hOusebreaking In the
night. In entering the stable OF Dr.. Bradford, No
s33 18th street, on Monday night, and stealing a
suit OF clothes valued at SEQ The case was sent to
the grand jury; bonds 81 900.


A CROSS BILL FOR DIvoRcE.-In the case OF Pierce
Mcdonald against Mary A. McDonald-a bill for
Browne. filed a cross bill She charges her nus
band with adultery and with having committed an
abortion on his paramour


A PENSION CLERK ON Hrs MuscLR-An ARRAY
occurred on 18th street, between H and north
west, about half,past Z O'Clock Yesterday alter
clerk, and two men named Jacobs and Crowley
Parker was walking up 18th street with lady,
words The lady went on, and Parker remained
and engaged In some lively fsticuffs with the men,
In which he claims TO have got the best OF them.
Parker's statement was TO the effect that Crowley
and Jacobs had been following him for some days,
evidently with the intention Of sspotting"" him for
detective e@ploysd in the Pension ose 20 cro De
collected, but the tracas was soon over and the
parties dispersed Hostilities between Parker and
tn the corridor in the Pension building In front OF
the Commissioners room. The men met there. and
after few lurt O. words Jacobs drew pistol and
seized both men and put an end to the trouble
Jacobs friends say that Parker had threatened to
division Of the Pension ONCE, and it is said there IS
bitter personal feeling between them.


taken out permit TO reconstruct the Old Washing
ton house, corner Pennsylvania avenue and ""a
street ana put II Into condition TO be run hotel
The changes contemplate general repairs and build
brick addition IN the rear two stories high. The
cost VIII be $1,000 G. A. Didden Is the aFchitect


QUARANTINE AGAnssr MEXICO RRQuEsrxn-The
surgeon general o. the marine hospital service has
received petlt1on nom the citizens OF Benson. A.
T., requesting the establishment OF q 6uarantipe
station IT Nogales. 70 prevent the Introduction OF
yellow fewer hum the infected Districts on the
western coagt of Mexico


GOVERNMENT RDcEun TO-DAY.-Internal reve
niue, 50, $50 customs, slaasA


TIE q. 8. s. Powhatan sailed frum Me- yors
this morning for Lisbon with reliof o1cer. snr rhe
Lancaster ana Qu1nnebaug On the HuropeSn -
ION,",ART
/scratch.hpc/nicola.barban2/data/AS_dataset_raw/year_1885/faro_1885/1885-05-14_p2_sn85033964_00296020552_1885051401_0508.json,1885,81,80,\bfemale[ -]?(pills?|safe(?:ty)?|remed(?:y|ies))\b,,"When you hear of any acquaintance
having chills send them word that the
only purely vegetable, harmless, ""dead
shot"" for chIlls on the market Is Chilla-
FinP, 1t is guaranteed, and the drug
gist from whom you buy it will refund
your money if it fails to cure when di-
rections are followed.


DR., j. Is. Graves.


DR.. J. r. Graves, editor and proprie-
tor of the Baptist, Memphis, Tenn,
says: To. u. a. Simmons, NJ. D., I.EEl;a
Miss: i received package of your
Liver Medicine, and have used half of
it. 1t works like charm. l want no
better liver regulator, and certainly no
more of Zeilin's Mixture.


j. r. GRAVES, Memphis, Tenn.


Mexican Female Remedy diff
fers from any other Female Medicine
on the market in that it is to be applied
directly TO the affected parts, which it
invariably cures at once, on the same
that if an abrasure or sore is
produced on any other part of the body,
} on Immediately apply a remedy to the
part affected, and it is cured. That at
least three-fourths of the ladies of the
present century are, to q great extent,
troubled with some of the many dis
eases affecting women, is an admitted
fact among all learned classes but to
assume that even one-tenth of those so
affected are suffering from blood poison
and need TO be dosed for months with
some quack female medicine, is an error
too glaring to be cOunteuanced by an
intelligent public.
Blood Poison of Long Standing


Cured.


Extract from Palestine Advocate, Feb. |
%, 'S3; ""The Advocate has been aware
hat strange reports were in circulation
the seemingly miraculous
lures of the Hot Springs Remedy, G. c, |
y, of late introduced to the suffering
public by G. r, Thomasson, in this city. !
rhis week the statement of his healing |
balm came in a personal form. MIR, j . |
;. Wilson, resident near Tennessee |
Colony, had suffered with an incurable |
Ease of bieod poison in one limb for two /
7ears, He was incapacitated for labor, |
he sore having eaten through the cuti-
lie over the lower limb, and the poison
having been taken up in his veins, was
preading through his system. After
Using the G. G. &. for six weeks the .
ores are all healed, except one small
.brasiOn or scab, and Mr.. Wilson is re-
oicing to be out again with renewed
lealth. Only one and half bottles of
he G. G. G. were used, Any person de-
iring to learn further of this strange
ase can consult Mr.. Wilson or his
riends. 1t is vouched for by scores of
",ADS_REPRO
/scratch.hpc/nicola.barban2/data/AS_dataset_raw/year_1886/faro_1886/1886-10-13_p4_sn84027718_00271762689_1886101301_0189.json,1886,64,63,\bfemale[ -]?(pills?|safe(?:ty)?|remed(?:y|ies))\b,,"LADIES! Those dull tired looks and feelings speak volumes Dr. Xxi mer's FEMALE REMEDY corrects all conditions. res ores gor and vitelity and brings back youtbf Il bloom and beauty. Price SlO0,-6 bottles S5OO.

 ASK your shoe and hardware dealers for Lyon's Heel Stiffeners, they keep boots and ShOas Straight.",ADS_REPRO
/scratch.hpc/nicola.barban2/data/AS_dataset_raw/year_1887/faro_1887/1887-11-19_p2_sn84024448_00296020746_1887111901_1204.json,1887,20,19,\bprophylactics?\b,"Ca,arrb. Rose or IIny fever.","The cleansing soothing aud healing
properties OF narbys Prophylactic Fluid
are experienced ia the treatment aud cur.
OF Calarrh and kindred complaints. The
Fluid sooihcs aud heals the infnmcd mem.
buncs and removes the offensive odOi
that chnuctuizcs the disease. Should the
inflammation have reached the throat usc
the Fluid a. q rargle TO allay the in1mn.
nation aud 10 disiuicct.",OTHER
/scratch.hpc/nicola.barban2/data/AS_dataset_raw/year_1887/faro_1887/1887-06-02_p3_sn85038614_00175030931_1887060201_0619.json,1887,66,65,"\bavoid(?:ing)?[ -]?(?:conception|pregnancy|offspring|children)?(?=|[-–—:;,.]|'s)",New York World.i,"= %Nii='fF'ff bNe WI NV accompany atls
| Blame on his European trip, u has been


stated. In afew moments Mr.. Blline cim,
| down ffom his study and entered the llr1c


""iswinp' room on the east side OF The house
| He ""'ited IL bri.k pace, and his appear
| aHU' las not changed since he was seen ~
| purHc during the late campaign. Hi
| yoicc Is - powerful as ever: be IL IN gooi
| iicsh, ard much more active than most mer
| ten ,tats M, Junior. Mr.. Blame. heard


hos cIoNn. prrhap,, little winter, AMI b.
| has lost The brown. sunburnl color frDIi
| Li- face hich his outdoor life during tn


summer usually gives hin. II Mr.. Blline


- ~irk man his Appearance gives no hint
| of i. Or the contrary. he looks Ike
| n,'ii 80 thoroughly IobIst health and uu-
| inla'rcd yigor.


| 2"" the UOrid correspondent Mr.. Baine
| SAID: -"" am going abroad, and expect TO
| be- aw'y about year. Mrs. Blaine aud my
| two daushiers- Marguerite aud HIttle-
wii' make up the party. hive engaged
'ta'""I0oms on the Ems, which sails
| Wcdies .ay week. We shall stOp NJ South
| augjon en 60 at once TO London. We
| initLd 10 spend considerable time trayelliG0
| through Great Britain After Engliud
| We viii probably 90 into Scotland and Ire
| land. Their. think, we shall spend a tim
Il
| BY tpis time ii will probably be so late in
| ihc year that Spain and Italy will be com.
! Portable. We intend to make tour through
| b0ih OF these countries and spend next
| winter along the Mediterranean. We will
| prob ,bly make long visits 10 Rome and
| greece. perhaps stop brief time in Con-
| ,lautiuoplc, and visit the scenes OF the re-
| cCll earthquakes I'm the south OF France
| aud adjoining portions OF Italy. A year i
| sufficient 10 cover great deal OF ground
| wituuut burrying.""


| TIE IRISH QUESTION.
| The core spondent asked GLOW about
| he report, Mr.. Blame. that you cOntem
| plate IN 'ome way assisting Mr. Gladstone
| ana Ibe Home Rule paTy?""
| "" That story IS purely imaginative. ]
| never had such an idea in my mind""
| "" Does it strike you that such pllr


would be grand one aud identify you
| win most worthy movement""
| Now, what do you mean eXlclly?""
| Nr. Blaine asked.


| 81 refer 10 The suggestion that II you, a.
| one of Americas foremost ciliZenS should
| cross the ocean to belp the great leader OF
| The liOme-Rule party in England TO cstlb.
| lish Irish Tights-by speeches a. public
| dinners TO which you undoubtedly will be
| GsE'd, and perhaps public meetings -
| ""SUch an action would be simply med
| ding with the affairs Of another nation
| sid Mr.. Blame. ""What would be though
| her # some prominent Englishmqn should
take the stump during one OF our national
| can pignSi


| Would not such a course abroad
| greatly help candidate for the presidency
| herc?' The correspondent vcntured to say.


"" Not at an, ;"" SAID Mr.. Blaine. :"" 1t wouid
| rta upon HIM, without doubt""
| THE PRESIDENCY.


""Mr. Bline, would you accept the nOml-
| ustlDn Tor 1888 II 1t were rendered YOU -
| Z"" bat J. something have not cOn,id
| orcd at all, and have never discussed witl'
| my Ody""


III you we're the candidate for 1883


would such an Irish policy Is have su<
| cc,t,d strengthen your""


lyon may he assured that il ] mad
| syCtche. in England, As you suggest. there
| would be no danger OF the bOuOr being ten.


dercd me that you speak Of""
sit ha, been widely published that your
| trip to Europe is for the benefit Of yOur
| health. |, that the case? ""


IL have had hardly sick day IN my life.
Never any time serious, and Ineyer had az
organic trouble OF any kind""


"" To what do you attribute your good
healthy


HIS HABITS OF LIFE.


oven. | have very strong constitution.
| and. more than that, have taken great
| care OF myself. believe owe great deal
| TO this. For instance, have always been
careful 20 keep dry feet. | have no bad
habits, aud have never been addicted to the
| use OF stimulunts. | do not smoke or Use
tobacco in any form in fact, never had
| piece Of tobacco In my mouth. | never


IooK stimulaus. Never was in the habit OF
taking ghs. 81 liquor, even occasionally.


cont know the taste OF rum, WhiSkey,


brandy. or gin. That seems strange to
YOU. doc sn't II? | dare LAY you could tell


inc good deal about liquors that never
| expect TO experience. have, to be sure.
| at times taken glass Of cllrct. but nothing


more. A. matter OF tact, / never cared
| Tor tobacco or wines, although my boys all
| Use them.


1t has been frequently stated, Mr..
| Blame, that you have suffered from lndi
| gcstiOn.'


""No, that i not tue. | have always


been, as they say, - small eater avn


moi au cpiclrc, and INV diet /, n simple


now rs il WIS Whcn wa, boy pna Penn


syksnIl farm. Tn, fact. q, well a, thvnot


caring for wines or tobacco, Is no pirticu


lar credit. because 1t is the result 81 The


lack OF any de.iIe for high living. never


cared fOl eating. and ! suppose my meals


every day 0Te aS simple ~ those OF any


'armcr in Maine. No, never was irou-
| bled with indigestion Ut all. When have


a great amount Of work 10 do under pres


,uIc | eat heartily, and find that cold or hot


tea, Is the case may be, i all the siimulm
| need. a. ! told you, | have always


taken care OF myself and avoided needless
| exposure""


Mr. Blaine, are YOU contemplating


writing another bcok:'


| NO""


lie WILL 30 Absolutely 80 WORK ABROAD


alt has been suggested that you Intend


to wife somethiog on your impression, OF
| Europc?""


""No. | have 10 such intention


""WIll YOU take private secretary or a
| -tenosrapber with youy""


ono, indeed. That sort Of thing is eX-
| lclly what intend 10 avoid. shall do no
| work OF any kind. i 90 for the trip ana
| nv own pleasure. | have done all in the


lne OF authorship that mean to do. There
| i 4 great deal Of labor in il. The main


thing lies in the accuracy OF names, dates.
| md figures. In writing book everything
| must he verified. In 8 Stump'speech


YOU can say that the population was al


a certain time between two and half and


tbree millions, hut when you come to put


il in book you baye got to hunt the thug


up and make the figures exact. u won't do


TO do as the Irish editor did. just as the


paper was going to press they called out IN


him that all the news had been put IN and


half Of the last column was empty.


"".Kill baby in Cork he answered. 10


A few minutes they said the baby had been


killed, aud there was still little space
left.
""'Then deny tho report he replied


HIS VIEWS on NEWSPAPERS.
CHOW. YOU can't do that in writing ;


book. and IL Is in the careful verifying o
: EVERYTHING that the labor hes. Ii Is dir
frent matter in writing for newspaper


too. II you make an error one day Yol


con cOrrcc. it the next, and IT Is lust q


w1l. was newspaper-man myself once
was the editor OF the Portland Advertiser
for several years, aud after that was con


nected with the KenIeDec Journal. Tina


was some time ago, however, and news


napeling has changed wonderfully sine
then. The facilities OF telegraphing AM
= oIber things have made 1t possible TO hull
IN great newspap' rs which would nav
0 been out OF the question 10 my day.""
D Referring TO the newspaper reports aOou",OTHER
/scratch.hpc/nicola.barban2/data/AS_dataset_raw/year_1888/faro_1888/1888-02-04_p3_sn86079088_00200299590_1888020401_0026.json,1888,16,15,\bfemale[ -]?(pills?|safe(?:ty)?|remed(?:y|ies))\b;\bfemale[ -]?p[i1]lls\b,"Women, DELAYS ere DANGEROUS","Molsme Reveie's Female Pills for women
nerer fails to always give spes'y suI certain
relief Satisfaction guaranteed or money re-
turned. Ser. by mail, securely sealed, in
plain wrapper for One Dollar: three boxes
for Ttco Dollars. Pa~icua's in leite. for
four cents in postage stamps. Address


Mrs. f. REVERE, box 2S3, Jersey City 4. j.


jan2l-ly-3p",ADS_REPRO
/scratch.hpc/nicola.barban2/data/AS_dataset_raw/year_1889/faro_1889/1889-10-09_p4_sn85025007_00175034353_1889100901_0603.json,1889,5,4,"\bavoid(?:ing)?[ -]?(?:conception|pregnancy|offspring|children)?(?=|[-–—:;,.]|'s)","n,HE GREAT PENNSYLVANIA RoUrE","TO THE


NORTH, WEST AND soUTHwEsT.
Double Track, Splendid Scenery,


ssce! Ra,l, &no-iscent geuipne~f.


In effect September 30. 1889.
Trains ieave Washington RON STATION corner o;
Sixth and B atreets, as FOLLOW:
For Pittsburs and the West, Chicago Limited Ez-
press of Pullman vestibnlod Cars ct $50 q. m.
daily Fast Line, 600 3. dsIly TO Cincinnati
anu st. Louis, with Sleel'ing Care from Pitts
bury TO Cincinnati, and harrisburg 10 81. Louie;
daily, except Saturday, ~ Chicago, with Sleep
ing Car Altoona TO Chicago. Western Express,
at TAO y m dstiy With Sleeping Care Wash
irgton t. Chicago And ct. Louis. CONNECTING
daily 1t Harrisburg with through Sleepors loI
Louisville and Me,ophis. P""caao Ia1P MS LIZ.
IN daily for PiJtabaIl apd the West, With
through sleeper to Pittshurg ano PittshuIS 10
Chicago.


EAlTIMoag AND POTOMAC RAILROAD.
For Kane, Canandaigua, Rochester and Niagara
Falls daily except Sunday $40 a. m.
F.,l Ere. Ca; sndaigua ana S"";hesioE dsiS Tor
Buffalo and Niagara daily oxcep: Saturday. st
i0:O0p. N, with Sleeping Car Washington to
Rochester.


For Williamsport Lock Hsvon and Elmira, at
$50 8. NJ, daily, except Sunday.
For Phil deiphia, New York and the East, 7:GO,
900, LOO AID il 40 a. ""a, 2:50, 4:1O, 1000
and i1:YO p. N. On Sunday 900 and LAO
IN. $50 4:1O, 1000 aud i:2O p. m. Linn



a 10. daily except Sunday, and 3:45 p. M.
daily witt Dining Cars.


For Phi'adelphia OILY, fact express $40 a. m.
week days, and $40 daily. Express 2:10
p IN .ils. Accom-. 600 p. NJ. daily.
For Boston, wi bout change, Zoo pm. every day.
jersey City With boats Of Brooklyn Annex,
adordirg direct transfer TO Fulton street, avoid.
ing double ferriage across New York City.
For At.sntic t'ity 900, HOO and 11:40 a. m.
week day, 1920 p. m
70, 8ai,ir,ore 6:35 1920, $40, 900, $40, $50.
3:45. 4:l0 $50. 4:4O. 600 TAO, $40, 1000
anj lt:2O =. III On Sunday, 800 800. $50
and l1:4o a. H., 2:l0, 300, 3:45, 4:10, 500,
TAO, $40 i0:0(i and 11:20 p. N.
For Popes Greek Line, 7:20 a. M, and 40 p. M,
daily, excepi Sunday.


For Annapolis 7:20 and 900 a. m, and 1905,
500 snd 6:00 y H. daily except Sundays. On
Sundays al a:O5 q. m. and 4:1O p. m.
iIExAAuEIA AND FREDERICKSBURG RAILWAY
Ac;p ALEXANDRIA AID WASHINGTON RAILROAD


In Eff, ct May 18th, 1889
For AIexandria, 4:30, 6:35, 7:45, $40, 9:45. and
1867 S. H., 1904 noon, 2:O5, 4:25, 4:55, COL,
6:21. 5:G2 1908 and 1877 p N. On Sun
day d, 4:3O, 7:A5, 9:45, and 1857 a. M, and
2:35, 6.O1, SOP and 1905 p. m.
Accommodation fuI Quantico 7:45 8. N. and 4:55
D. II week -days 7:45 q. m Sundais.
Fer Richmond and the South, 4:3O and 1867 a.
III, daily, and 6.21 p. M, daily, except Sunday.
Trains leave Alexandria for Washington, sos
7:O5, 500 $40, 1915 and 1107 H.; 1:2O,
500, SIG 5:10, 7:05, 800, $50, 1882 and
Hos p III. on Sunday at $40 and 11:07
a. H.. 200, i:1O, 7:05, 500, $50 and 1882
y. III


Tickets AID information at the Office, Northeast
corne: of 18th street and Penns venue, and at
the station where orders be- loft for the check.
ing OF baggage TIC destination from hotels and
residences. J. Il. WOOD, Il. T. 3.
UEiAS. E. PUGH, g. ii.",OTHER
/scratch.hpc/nicola.barban2/data/AS_dataset_raw/year_1890/faro_1890/1890-02-27_p1_sn83045462_00280654759_1890022701_0440.json,1890,8,7,\babort[i1][o0]n\b,From SUNDAY School tn Court,"BALTIMORE, Feb. 27.-The suit of Mrs. Mar
gerry Horstman against the Cumberland Times
publishing company to recover $4,000 dam
ages for defamation of character, begun yester-
day in the United States court, was Continued
today. Mrs. William Horstman of Philadel-
phia, the mother-in-law OF plaintiff, testified
that she had no doubt her sons wife had been
guilty OF the crime of abortion as charged in
the Tunes. Mrs. Margery Horstman, the plain
tiff, testified that the charges made against her
were false. She moved in 1888 from Cumber-
land to Philadelphia. While attending Holy
Trinity Sunday school in Philadelphia she met
and married Horstman",ART
/scratch.hpc/nicola.barban2/data/AS_dataset_raw/year_1890/faro_1890/1890-01-04_p1_sn84020151_00340583644_1890010401_0492.json,1890,9,8,\bprophylactics?\b,RUSSIAN INFLUENZA.,"timely Article From the Medical News


soI Phiiadelphia-How to Apprehend,


Avoid and Treat the Malady which is


Becoming Epidemic Throughout the


Country.


PHILADELPHIA. Dec. 29.-The Medical
News of this city publishes an article
on influenza - ia grippe"" - by Prof.
Robsrs bartholomew, of Jefferson Med
ical college. After giving an historical
sketch of the disease, its pathology
and morbid anatomy, the author says:


Influenza comes suddenly; goes as quick
ly. The least robust, at any age, and women
seem to be the first victims. 1t is here a
question of bodily condition, not of the sex.
The large numbers simultaneously attacked
attracts general attention, and those most
impressionable are seized, the onset being
facilitated by any depressing emotion like
fear or illness. There is no rigor, properly,
to be thus designated, but rather a series OF
light chlls and feeling of heat Herewith.
Sometimes malaise of a general kind is ex-
perienced, but, like the attack itself, it is
short in duration, lasting but few hours.


With the first access of the nasal and fau-
cial irritation comes the chilliness, which is
followed by some feverishness, with more
pronounced malaise and, in general, the
headache, weakness and soreness of the
me mbers, especially of the larger joints.
With the progress of the case in some epi-
denies there is considerable weakness, even
marked depressions of the vital powers. The
pulse becomes small and weak, the mind
gloomy and restlessness ensues. When a
fatal termination is to occur, as rule, an
extension downward into the trachea and
brOnch takes place.


Although catarrhal and croupous pneu-
monia are said to be complications"" they
should be regarded as occasional conditions,
ana when present are, properly speaking,
constituted parts of the malady. The chief
Importance of croupous and catarrhal pneu-
mona is that the development of these, out
of an existing catarrh of the bronchi, is fire.
quently cause of death.


The rapdity with which the disease super
venes-its preliminary development being
hours, and its whole duration but matter
of three or four days-is remarkable Re
lapseS are common, usually each sue
ceeding seizure being milder, but not few
pass by easy transition into chronic bron-
chits, emphysema, asthma, etc.


Obviously a catarrhal process, extensive
and severe, may contribute immensely to
chronic disease of the middle ear, eustachian
tube, nose and throat, and thus permanently
damage the parts.


The best manner of securing immunity is
by the inhalation of suphurous acid gas
daily, when the approach of the epidemic
renders it necessary, and by taking five
grains of salicylate of cinchonidine three
times day and by so living as to avoid tax
ing cold.


When the attack has begun it seems to
me desirable to give or grains of calomel
at night, inhale some sulphurous acid gas
and have tie patient sit in a room whore
steamcontaining eucalyptol can be inhaled
in large quantities. The Insulation of res
orcin, and dusting over the entire area of the
affected parts as far as practicable, is also
recommended. The internal remedy most
desirable is atropine in solution-1 grain to
ounce. of water-dose being from l to 5
drops, the minimum being for little children
(after first dentition). The tincture of bella :
donna may be used, from one to ten drops
twice a day. As this medicament is both
prompt and prolonged in action, it should
be given not more than twice a day, unless
the dose be much smaller than is advised
above.


Salicylate of cinchonidne and quinine
should be given as prophylactic remedy,
if there be reason to suppose that such
power is really exerted by it.


My own conviction is that as prophy
Tactic the combination of cinchonidine with
salcylic acid is preferable to quinne. For
the depression and melancholy it is proba-
BILE that atropine will do better. For the
distressing headache, joint pains and wake
fulness, antipyrin, acetanild, phenacetin
and other germcdes and antiseptics will,
no doubt, be found useful.",OTHER
/scratch.hpc/nicola.barban2/data/AS_dataset_raw/year_1890/faro_1890/1890-06-23_p4_sn85025007_00175034389_1890062301_0072.json,1890,18,17,"\bavoid(?:ing)?[ -]?(?:conception|pregnancy|offspring|children)?(?=|[-–—:;,.]|'s)",,"Steel R0fts, Magnificent Equipment.


In effect N y II, 1890


Trains leave Washington from station, corner
of Sixth and Bstreets, IS follows:
For Pittsburg and The West. Chicago Limited Ex-
press of Pullman Vcstbuled Cars at 1850 a. n.
daily; Fast Line, 1850 n daily to Columbus
and ST Louis, with Sleeping Cars from Pitts.
burg to Columbus daily, except Saturday, to
Chicago, with Sleeping Car Altoona to Chi
csgo. ST Louis, Chicago and Cincinnati Ex-
press, $50 p. n. daily. Psrlor Car Washington
to Harrisburg, and Sleeping Cars Harrisburg to
st. Louis Chicago and Cincinnati, aud Dining
Car Harrisburg to St. Louis. Western Express,
st $40 p. N. daily, with sleeping Cars Wash
ngton to Chicago and ST. Louis connecting
daily at Hsrrisburg with through Sleepers for
Louisville and Memphis Pacific Express, 1000
p m. daily, for Pttsburg and the Weat with
through Sleeper TO Pittshurg, and Pit.sburg to
Chicago


BALTIMORE AND POTOMAC RAILROAD.
For Kane, Canandagua. RocAester and Niagara
Falls daily except sunday $40 an.
For Eric, Canandaigua and Rochester daily for
Buffalo and Niagara daily except Saturday at
1000 p. M with Sleeping Car Washington to
Rochester


For WilliaInsport Lack Hsycn ana Eln!rs, at
1850 q. m, daily, except Sunday.
For Wiliamsport daily at $50 y. II.
For Philadelphia, New E3-k anG tie Gsgt T:G0,
9:00, 11:oG and ?t:s0 g. III, 2:1o, 3:15, 500,
$40. 1CNi ena 1920 .. II. On Sunday
500 and ti:40 =. u, 2:10, S.15, A:20, 1000
and 1920 p. Il limited Express OF pailmsn
psrlor Cars go =. ~. daily, sxcop. 3uoday
For New York only Limited Express, With dining
car 5C0 p. m. daily.


For Philadelphia oely, fast express $40 a. III.
week days, and 400 p. n. daily. Express,
Sunday only, 800 2. N.


For Boston, without ch&nge, 3:15 pm. every day
For Brooklyn, N. T., al snrougi trains connect at
Jersey City With boats Of Brooklyn Annex
aYozlirg direct transfer 10 Fulton street, avoid.
ing double fcrriase across New york City.
For Atlantic City, lao 8. IL. week days, 1920
p IL. daily.


$50, 400, 4:2o, ESQ., 500. $40, 600, 7:40,
1000 and 1920 p. u. Oh Sunday, 500,
9:05, 1880 and 11:4o a. NJ, 2:1G, 3:15, $50,
400, APO, 500, $40, 600, TAO. 1000 and
11:20 p. m.


For Popes Greek Line, 7:20 q. m and $50 p. ~,
daily, except Sunday.


For Annapolis 1920 and 900 q. H., and 1905
and 4:2o p. ~, daily except Sundays On
Sundays 4:20 p. IL.


WASHINGTON SOUTHERN RAILWAY


In Effect May II, 1880
For Alexandria, $50, 6:35, 7:45, $40, Gao, and
1857 6. r., 1904 noon. EOS, z:25, 4:65,
COL, 800, 1905 ard t1:S9 ?. n. On Sun
day at 4:30, 7:4b, 945, and 1857 g. NJ. and
$50, 6:01, S:02 and 1905 ?. u.
communication fo- Quantico 7:45 s. IN. and 4:55
p. N. weekdays. 745 q. m. Sundays.
For Richmond and the South, 4:3o and 1857 a.
a., daily. Accommodation 4:55 p, IN. week
days.


Trains leave Alexandris for Washington, Cos
7:05, 800, 9:1o, 1915 and 1107 g. T.; 1:2O,
800, $50, 5:10, 7:O5, 500, 1887 and 11:03
p. m. On Sunday at 9:10 and Hoy a. ~;
200, 5:10, 7:05, 1920, 9:2o and 1887 D. N
Tickets and information at the Office, Northeast
corner of 18th streot and PcDns. Avenue, and at
the station whore orders DO left for the check.
Ing OF baggage 20 destination from hotels and
residences J. Z. WOOD, g. P. Z.
CHAs. E. PUGH, 9. n",OTHER
/scratch.hpc/nicola.barban2/data/AS_dataset_raw/year_1891/faro_1891/1891-02-09_p6_sn82015104_00175036659_1891020901_0396.json,1891,6,5,\babort[i1][o0]n\b,,"makes mistake. One of the greatest
sources of loss is the practice of buying
fresh cows and selling off the dry ones.
When COW is bought, nothing is known
OF her until she is tested for her results.
She may have many faults, and may
bring disease into the herd. Abortion in
some herds is due to this cause, as it is
cow, raised on the farm from healthy,
productive stock, is more valuable than
two animals purchased at random, and
can be raised at less expense than to buy
an inferior animal.",OTHER
/scratch.hpc/nicola.barban2/data/AS_dataset_raw/year_1891/faro_1891/1891-04-09_p7_sn84029386_00237285244_1891040901_0120.json,1891,9,8,"\bavoid(?:ing)?[ -]?(?:conception|pregnancy|offspring|children)?(?=|[-–—:;,.]|'s)",,"me through The bunSnole OF my CasA-


..Ouickr said a husky voice; overhaul
the cargo hcre""


| heard some half dozen troopers busting
about the hold and tugging out the bales OF
wo.i.


.Hir' called Master Pottery; IAN when
.t,,' We done rumInaging my ship put every
n hack as You found it""


'roke about with your swords, command
ed the husky voice. whats In those barrels
yonderr'


""Water, sergeant"" answers trooper, roll
ing out couple.


Nothing behind themr


''No; they're right against the side""


drop em, then. Plague on this business
It's my notion they're mile away, and Capn
Stubs no better than fool to send US back
here. He's grudging promotion, that's what
he isl Hurry, there-hurry!n


Ten minutes later the searchers were gone,
and we in our casks drawing long breaths of
thankfulness and strong odors. And so we
crouched till, about midnight, Capt. Billy
brought US down a supper of ships biscuit,
which we crept forth to eat, being sorely
cramped.


He could not hear our thanks, but guessed
them


'Now, say not word! Tomorrow we sail
for Plymouth sound; thence for Brittany.
Histl We be all kings men aboard the God
send, though hearing nought say little. Yet
l have my reasoning heresies, holding the
Lords Amounted TO be an anOinted rogue, but
nevertheless to be served; just as aboard the
Godsend be Cap'n Billy an you plain Jack,
be your virtues what they may. An the con-
clusion is-damn all mutineers an rebels!
Though, to be sure, the words be bit lusty
for young gentlewoman's ears""


We went back to our casks with lighter
hearts Howbeit twas near in the morn
ing, dare say, before my narrow bed cham
Der allowed me to drop asleep.


woke to spy through my bunghole the
faint light of day struggling down the
matches Above, heard a clanking noise,
and the voices of the men hiccoughing dis
NAL chant They were lifting anchor.
crawled forth and woke Della, who was yet
sleeping, and together We ate the breakfast
that lay ready set for us on the head of a
barrel.


Presently the sailors broke off their song,
and we heard their feet shuffling to and fro
on deck.


Sure"" cried Della, 1--WE are mOving!""


And surely we were, as could be told by the
| altered sound of the water beneath US, and
the many creakings that the Godsend began
+, 10 keep. Once more l tasted freedom again
and the JOY of living, and could have sung
| for the mirth that lifted my heart LET US
but gain open sea, said l, land I'll have tit
/ for tat with these rebelsp


But alas! before we had left Avon mouth
twenty minutes twas another tale. For l lay
| on my side in that dark hold and longed to
/ die. and Della sat up beside me, her hands III
her lap and her great eyes fixed most dole
/ fully. And when Capt Billy came down
with the news that we were safe and free to
! 90 ON deck we turned our faces from him and
said we thanked him kindly, but had no
! longer any wish that way-too wretched,
! even, to remember his deafness.


Let me avoid, then, some miserable hours,
and come to the evening, when, faint with
fasting and nausea, we struggled up to the
deck for air, and looked about US


Twas gray-gray everywhere; the sky
lead colored, with deeper shades towards the
east, where bank of cloud blotted the coast
line; the thick rain descending straight, with
hardly wind enough to set the sails Tapping;
the sea spread like a plate of lead, save only
| where, to leeward, a streak of curded white
crawled away from under the Godsend's keel


On deck, few sailors moved about, red
eyed and heavy. They showed no surprise to
see us, but nodded very friendly, with smile
for our strange compilations. Here again, as
ever, did adversely mock her own image


But what more took our attention was to
see row OF men stretched on the starboard
side, like corpses, their heads in the scuppers,
their legs pointed inboard, and very orderly
arranged They were dozen and two in all,
and over them bent Capt. Billy with mop
in his hand and a bucket by his side; who
beckoned that we should approach.


""Arrayed in order O. merit, said he, point
ing with his mop like Snowman to the line Of
figures before him.


We drew near.


This here Is Matt Soames, master o. this
vessel-an' he's dead""


""Deadr


Dead drunk, THAI is the gifted mani
Come upIn He thrust the mop in the fellows
heavy face. There uowl Did he mOvel did
he winkl No. says you o an accomplished
drunkardI""


He paused moment, then stirred up No.
2, who opened one eye lazily, and slut it
again in slumber.


you sawl Opened one eye, hey! That's
Benjamin Halliday. The next is a black
man, as you see; a man Of dismal color. and
hath other drawbacks natural to such. Can
the Ethiop shift his skins No, but he'll open
both eyes. See there-a perfect Christian, in
so far as drink can make him.""


With like comments he ran down the line.


To he brief, twas not till the fourth after
noon Coy reason of battling head Winds that
we stepped out of the Godsends boat upon a
small beach of single, whence, between a
rift in the black cliffs, wound up the road
that was to lead US inland. The Godsend, as
we turned to wave our hands, lay at half a
miles distance and made a pretty sight; for
the day, that had begun with white frost,
was now turned sunny and still, so that look
ing north we saw the sea all spread with
pink and lilac and hyacinth, and upon it the
ship lit up, her masts and sails glowing like a
gold piece. And there was Billy, leaning
over the bulwarls and waving his trumpet
for ""Good.by."" Thought I, for l little
dreamed to see these good fellows again,
""what a witless game is this hfel to seek
ever in fresh conjunctions what we leave be-
hind in a handshake.""


We followed the road after this very mood
lily; for Della, whom had made sharer Of
the rebels secret, agreed that no time was &c
be lost in reaching Bodmin, that lay good
thirty miles TO the southwest. Night fell and
the young moon rose, with a brisk breeze al
our backs that kept Us still walking without
any feeling of woarineSs Capt. Billy had
given me at parting a small compass, of new
invention, that man could carry easily il
his pocket; and this from time to time l ex
==z1irsai n he moonlight, guiding cur way
almost due south, in hopes Of striking into the
main road westward I doubt not we lost q
deal of time among the byways; but at length
! happened ON q good road bearing south, anC",OTHER
/scratch.hpc/nicola.barban2/data/AS_dataset_raw/year_1891/faro_1891/1891-08-14_p2_sn84022639_00200296333_1891081401_0139.json,1891,1,0,\babort[i1][o0]n\b,POWnal.,"


Andrew Barber of Loveland, Ohio, and
Colonel Merritt Barber, U. S. A., and
wife of st. Paul, Mimi, are visiting
their parents in this village.


Charles H. Barber is recovered sufi-
GENTLY to ride out.


Between % and 100 persons of our
place took in the Saratoga excursion
Friday.


Fred Bump has purchased the Zerah
Haley place.


For many years DR.. B. 0. Barber has
been the BANNER correspondent at
Pownal. He has had some legal diff
culties of late, and the manner in which
he has come out of them is stated in the
HOosick VALLEY NeDS court report of last
week, as follows ED. ""The Superior
Court at Pittsfeld has had busy Grim
inal term and a large amout of business
has been dispatched. The case of DR..
B. o. Barber Of Pownal, who was
charged with abortion, was sent to the
jury Monday night. The physicians, who
were called, testified that the operation
performed was necessary to save the
woman's life and that the accused was
justified in what he did. The defense
was strong one but the jury disagreed,
standing ten to two in favor of DIR. Bar
Der, which is virtually an acquittal.""",ART
/scratch.hpc/nicola.barban2/data/AS_dataset_raw/year_1892/faro_1892/1892-04-20_p3_sn93067777_00237287022_1892042001_0379.json,1892,49,48,"\bavoid(?:ing)?[ -]?(?:conception|pregnancy|offspring|children)?(?=|[-–—:;,.]|'s)","He Delivers Strong and Conservative
Speech in the Opera Gouse-A Large


Crowd Present.","For an impronlptu meeting, the oHe
in the opera house Monday night was
q bowling success. No one seemed to
know anything about il. There was
no flourish of trunpets beforehand.
But when the hour arrived the opera
house was well flied, about 500 persons
being present.


Gov. Sheppard had been invited by
telegram to spend the night in New
berry on his return from The Greenvliie
meeting. and he accepted.


Persons got word OF il III the country
and there were number present from
several miles from town.


DR.. Holland opened the meeting with
prayer.


Mr.. J. Z. Crosby, president OF the
Factory Democratic Club, presided at
the meeting and introduced Gov. Shep-
pard. He said: ""FeliOw-cit!Zens-l
have the honor of introducing to you
tonight the Hon. Jno. {. Sheppard,
one Of the candidates for Governor. l
hope you will give him the best of at
ten ion. MIR. Sheppard will now ad-
dress you""


AS Gov. Sheppard stepped to the
front of the rostcum be was greeted
with round after round Of applause.


He said: ""Mr. Chairman and Fellow
citizens of Newberry:-it affords me
great qualification To be permitted once
more to appear before you. [ nave
been the recipient at the hands of the
people of New berry Of many kind
nesses. I long ago made up my mind
never to forego the pleasure OF an op-
portunity toappear before them. "" hen
I received the telegram this morning L
did not hesitate. | promise you,.In the
absence of my opponent, | shall not
violate any of the proprietits of honor
able debate. l propose to cl-cuss the
issues before the people calmly and de-
liberately, without passion, tor Gods
knows we have had enough OF bitter
ness, of abuse, OF viiification, OF vltu-
pelation. I shall not initiate my COM
petitor in this. So far as | am con-
cerned, | shall conduct myself and
this campaign in such spirit Of kind
ness and friendliness, that when the
result is known we can go hand IN
hand and vote for the nominees.


""Solne men Have already said that
this movement is incipient inde-
pendentism. They speak what they
know to be false, or they do not know
me. The time has never been, nor
will ever come, when | shall lead or
follow any movement that looks to the
disintegration of the white people OF
South Carolina. The future welfare
and prosperity of South Carolina de-
pend upon white supremacy aud white
supremacy depends upon Democratic
unity.


Il propose to illustrate that the
charges made by Gov. Tillulan against
his predecessors are without foundation
and that his promises have not been
Performed, and ifthis can be established
it will follow that he is no longer en-
titled to the sutfrages of the people.


His promise was that he would re-
form the extravaganza Of former ad-
ministre tions, which he had denounced
most bitterly. The first thing he did
was to spend $500 to erect platform
upon which to take the oath of office.
He next recommended that the poll
tax be increased from 81 to So. At that
time there were sl29, ,6l2 from poll tax.
He proposed to Increase it to S3SS, 1856.
Yet he talks about being the friend OF
the poor man. The rich man can af-
ford to pay three dollar poll tax, but
there are plenty Of men who walk be-
tween the plow handle sand work IN
our mills upon whom such a tax would
be burden.n


Mr.. Sheppard then quoted some fig
ures from the records. Mr.. Tillman
had charged Gov. Richardson's admin
istration with extravaganza. The last
wear of Gov. Richardson's administra-
ton the appropriation for the executive
department was sl15,S00. The first
year of Gov. Tillman's administration
for the same purpose it was Sl23, 3,0S3,
and the second year it was Sl26, 935. In
another depart lnent where the expen-
ditures under Richardson for the last
year We're S43, ,S25, under Tillman for
the same purpose the appropriation was
S52, ,3S5.


Mr.. Sheppard said he did not claim
that these appropriations were eXtrava-
CANT, but they show how utterly with
out foundation and injustitiable were
the campaign charges and criticisms of
Gov. Tillman, or if not, how much more
open to censure aud criticism Gov.
Tillman is than those whom he so
abused.


Gov. Tillman talked about the num-
erous offices and high salaries Of the
clerks in the departments. No office
has been cut off and no salary reduced.
He denounced others for taking free
passes, and he had not been in office
sixty days before he had one HIM
self. It is a record Of glaring lncon-
sistencies. When the Legislature cX-
tended the lime for paying taxes and
while he had the bill upon his desk, a
plain farmer from Rock Hill tele-
rraphed Gov. Tillman the simple cues
ton, Has the time for paying taxes
been extended?n The answer was
""no."" At that moment the Governor
of South Carolina had not paid his own
taxes, because he knew that viii. 49,
time had not been extended it woLl,.
be; but he deceived this poor farmer
who had to scuttle around to pay his
tax to avoid, as hethough, the penalty.
But some one may say these are small
things. What we want to know has
the tax been reduced in the aggregate.
The tax that you will be called upon to
pay this year Will be more than it was
last year. But some one says the levy
last Year was +! mills and this year Il.
That is true, but the question is how do
the number of dollars compare. TO
talk about the levy being reduced is a
miserable fraud, for anything is fraud
that is intended to deceive the people.


Mr.. Sheppard then gave the figures
to show the facts. The assessment of
property for last year amounted to
$50, ,632, 431. For this year Sl6S, 262,-
$50. Last year the taxes paid were
1861, III. This year you will be called
upon to pay S7l4,116. ~


At this point an ardent Tillmanite,
who was present, could stand it no
longer, and shouted family, ""hurrah


7 H.",OTHER
/scratch.hpc/nicola.barban2/data/AS_dataset_raw/year_1893/faro_1893/1893-09-02_p1_sn82015679_00296029865_1893090201_0019.json,1893,5,4,"\bavoid(?:ing)?[ -]?(?:conception|pregnancy|offspring|children)?(?=|[-–—:;,.]|'s)",,"driven for protection under neutral flags one
Salf or the enemy's commerce. which at the be-
ginning of the war covered every sea- This is an
achievement of which you may well be proud;
and grateful country will not be unmindful or
1t. The name OF your ship has become house
hold word wherever civilization extends. Shall
TINT name be tarnished by defeatl The thing is
impossible. Remember that you are in the Eng
lish channel the theater OF so much OF the naval
glory of our race and that the eyes OF all Europe
are at this moment upon You. Tho flag that
hoatsover you is that OF a young republic who
bids defiance TO her enemies whenever and
wherever found. Show the world that you
know how TO uphold it. Go to your quarters.


News of the coming combat spread
through Cherbourg. Paris and all Europe.
and when the Alabam. came creeping out
of her neutral harbor she was accompanied
by the French irOnclad frigate Couronne
and little steamer bearing the flag OF the
royal yacht squadron. Arrangements had
been made to telegraph to. the world
another conquest for the Alabama. whose
former victories had been q good deal like
that OF the big bully who stole the little
boys sweets and then boasted OF his
sprowess. --s. ~
TIE Kearsarge, ready and anxious for the
fray. as soon as the Alabama was seen COM
Ing. tired up and ran outside the nentral
waters. Captain WInsiow had long head;
he didn't propose TO fight a battle which he
meant to be to the death with a sneaking
enemy which he knew would getOn neutral
water If possible the instant the tide of
battle seemed to turn against it. Seven
miles out. at IL o'clock In the morning of q
day that was as fair and on a sea that was
as calm as mill pond under June sun,
the Kearssrge turned her nose around as
though to scent the enemy. The Alabama
promptly saluted her with O full broadside
from her starboard battery and at the same
time slowed up her Engines. The shot cut
some of the Kearsarse rigging. but did no
other damage. Three broadsides in all were
fired before the Kearsarge spoke. The fine
""English gunners."" of whom the rebel
have lost their grip. for the solid shot
hurtling through the air flew far wide of
the mark.


COMING TO CLOSE QUARTERS.


Captain WInslow was determined not to
lOso any of his ammunition, and steamed
for close quarters. which the Alabama tried
to avoid. When the KearsarGe got within
nine hundred yards of the pirate she
turned loose with her starboard battery
and set her machinery In motion. 80 that
she could take position from which to
rake the Alabama. Both vessels "" ere under
: full head of steam. and as the Alabama
sheered OF so as to keep her broadside
trained On the koarsarge both vessels were
forced into circular movement, steaming
in opposite directions round q common
center, this center shifting with each revO-
luton. BOyntOn says: Had the action
been fought parallel lines. with the
Alabama heading in shore. she would have
reached the line OF jurisdiction. and thus
in circles. she was five miles from the shore
when. at the close of the action, she at
tempted to run into Cherbourg.""


The Alabama kent up a rapid firing at
the Kearsarge. but her aim was wild and
the damage she did was inconsiderabie.
Not man was hurt aboard the Kearsarge
in the first eighteen minutes of the fight.
Admiral Porter says: The superior train
ing of the Kearsarge's crew was evident
from the beginning of the action, their
guns telling fearfully on the hull and spars
of the confederate. On the seventh rota-
tion on tho circular track the Alabama set
her foresall and two libs with head in shore.
Her speed was now retarded, and by wind.
ing her. the port broadside wac presen ted
to the kearsarge with only two guns bear
ing, being able TO shift but one gun from
the starboard side. At this time the Ala
bama was completely at the mercy of the
kearsarge. and a few more well directed
shots brought down the confederate flag.
Fifteen minutes after the action CON-
menced tho spanker gaH of the Alabama
was shot away and her flag came down,
but was immediately hOisted at the miZZen.
The kearsarges shot told fearfully on the
Alabama's hull. killing and woundinR
mum bers OF men in different parts OF the
ship. Slxty.fve minntes after the com.
mencement of the fight the Alabama was
discovered TO be sinking, an eleven-inch
she'll having entered her side near the
water line. making a huge aparture through
which the water poured in torrents For q
moment Semmes had an idea of escaping.
and crowded on steam and sail, heading
the Alabama for the French coast. but the
fires In the engine room were coon extin-
guished and be was obliged TO surrender""


The pirate commander asserted that the
kearsarge fred on him five times after be
hauled down his colors. but all the other
evidence went to show that Semmes 6ed.
When the spanker gaff went down. carry
ing the rebel stars and bars with IL, Cap
tain Winslow was not sure whether the
colors had been struck or not. so ordered
the kearsarge tQ reserve her fire. just
then the Alabama run up the white flag
and opened broadside with two of her
port guns. Naturally, the Kearsarge talked
back emphatically. AT the same time she
steamed down and put herself across the
Alabamas bow in position to rake her. but
seeing that the white flag still streamed on
the breeze. the Kesrsarge again reserved
her fire. While the Kearsarge rested for n
moment, uncertain whether the enemy
meant what its white fiag said or whether
it was usingit TO mako another sneak. the
Alabamas boats were lowered snd filled
with wounded: one of them pulled along
side the kearsarge and turned over the snf-
ferinR men TO the conquerors. In less than
twenty minutes the Alabama PLUNGED into",OTHER
/scratch.hpc/nicola.barban2/data/AS_dataset_raw/year_1894/faro_1894/1894-10-14_p7_sn86071158_00206536366_1894101401_0402.json,1894,57,56,\beugen[i1]cs?\b,,"Fx-Empress Eugenic has never been
popular In England. She Ia generally
dlsllked. partly because abe Is thought",ART
/scratch.hpc/nicola.barban2/data/AS_dataset_raw/year_1895/faro_1895/1895-12-12_p6_sn91070630_00514152883_1895121201_0295.json,1895,10,9,\babort[i1][o0]n\b,A Wolf In Sleeps Clothing.,"NEW ORLEANS. Dec William r.
Hammond, aged about 40 years, who styles
himseN physicisn and a minister Of the
gospel, was arrested here yesterday.
Hammond is charged with having COM
mltted almost every crime on the calendar.
Hammond's photograph, which adorns al
most every rogues' gnllery In the country,
bears the following inscription on the re.
verse side: Rev. Hammond, thief, conf.
denoe man, bigamist, adulterer, abortion
ist and all.round crook. 4""",ART
/scratch.hpc/nicola.barban2/data/AS_dataset_raw/year_1896/faro_1896/1896-06-04_p1_sn85033255_00514152536_1896060401_0503.json,1896,4,3,"\bavoid(?:ing)?[ -]?(?:conception|pregnancy|offspring|children)?(?=|[-–—:;,.]|'s)","Safest Place During Storm is i'm the


House. Where There is M DrauOhf","Safest Place During Storm is i'm the


House, Where There is No Draught.


Electric storms are far less danger
Gus than the majority of people
imagine writes Edward w. Box in
June Ladies' Home Journal. ""That
a severe lightning storm is terrifying
admits of no question, and will some
times bring uneasiness to the heart
OF the strongest man. But the real
danger is slight. The chance of
lightning striking house, for
example, is not one in a million.
Particularly is this true in cities,
strung as most of them are with
electric wires. The greater danger
from electric storms is in the country,
and even there the danger may be
lessened if the simplest and most
common-sense of precautions are
exercised. The surest electric con-
ductor is draught, and if, when a
thunder storm approaches, it is seen
that all windows and doors liable to
occasion a draught are kept closed,
the danger is at once reduced to
minimum If a woman is caught""
out in thunderstorm the safest
shelter is house; the most dangerous
tree. particularly an oak tree 1t is
a peculiar but nevertheless a proven,
fact, that the oak is the most suscep-
tible of all trees to a current of
electricity. Over fifty per cent. of the
trees struck by lightning storms
during one summer, the Government
statistician tells us, were oaks, while
the beech tree was the least harmed.
Therefore, the worst possible place of
shelter in an electric storm is under
an oak tree, while by all odds, the
sa fest place is in house and out of a
draught The actual danger
from an electric storm is, in truth,
not from the lightning nor the
thunder, but from the nervous con-
dition into which woIn On allow them
selves to fall. And this is a dan ger
which they can avoid. A little calm
thought and a few grains of common
sense will do III ,;",OTHER
/scratch.hpc/nicola.barban2/data/AS_dataset_raw/year_1896/faro_1896/1896-02-02_p19_sn86063034_00414182173_1896020201_0319.json,1896,5,4,\bfemale[ -]?(pills?|safe(?:ty)?|remed(?:y|ies))\b,"Hundreds Of Prominent Cltilsns Cured BY
Munyon's Improved RumeeO-


plthiC Remedies.","Positively Successful Cures for Dys-


Pepsia. rheumatism, Catarrh. Kid


ncy and All Blood and Nerve Dis


cases-At All Druggists. 20 Cents


Bottle.


"". II. squires. 175 Royal street. New
Orleans. La. says. Il had used many
remedies for my complaint-lumbago and
chronic rheumatlsm-withOut receiving
any relief But i took a few doses OF
Munyon's rheumatism Cure, according
TO directions, and have not had a rheu-
Joseph Burbank of 200 South Second
street. st. Louis, Mo, says: Il do not
believe that anyone suffered more than /
from kidney and liver diseases. 1 also
had a serious case of catarrh of the
bladder AT last ] became helpless and
was confined to my bed. Doctors failed
to help me and / had about made up my
mind TO die. As a last resort | tried Mum
yon's Kidney and Liver Cure. / felt re-
lieved after taking a few doses, and
within a very short time was completely
Munyon's rheumatism Cure seldom
rails TO relieve in 1 TO hours, and cures
in a few days. Price, 25c.


Munyon. Dyspepsia Cure is guaranteed
to cure all forms of Indigestion and stom-
ach troubles. Price. 25c


Munyon's Catarrh Remedies positively
cure. Price. 25c each.


Munyon's Kidney Cure speedily cures
pains IN the back, hOins and groins, and
all forms or kidney disease. Price, 25c,


Munyon's Female Remedies are boon
to all women. Price, 25c.


Asthma Cure, with Asthma Herbs, Sl.O0


Munyon's Nerve Cure stops nervous
ness and builds up the system. Price. 25c


Munyon's Headache Cure stops head
ache in three minutes. Price. 25c


Munyon's Pile Ointment positively cures
all forms of piles. Price, Csc


Munyon's Blood Cure eradicates all
impurities Of the blood. Price, Csc.


Munyon's Nitalizer restores lost now.
ers TO weak men. Price Sl.W


separate cure for each disease Al
all druggists, 25c a bottle


Personal letters to Professor AIunvon
1908 Arch street. Philadelphia Pa, an.
swered with free medical advice for any
discasc.-ad.",ADS_REPRO
/scratch.hpc/nicola.barban2/data/AS_dataset_raw/year_1897/faro_1897/1897-03-05_p2_sn85038614_00175032861_1897030501_0500.json,1897,11,10,"\bavoid(?:ing)?[ -]?(?:conception|pregnancy|offspring|children)?(?=|[-–—:;,.]|'s)",,"growth OF experience and trial, ana
should not be amended without investiga-
ton. and demonstration Of the wisdom
of the proposed changes. We must be
both sure we are right and make haste
slowly II. therefore. Congress in its Wis
dom shall deem It expedicnt TO create
commission TO take under its early con-
sideration the revision OF our coinage


banking. and currency laws. and give
them that exhaustive. careful, ana us
passionate examination that their I'M
portance demands, I shall cordially con-
cur i'm such action. If such power u
vested In the President. Il IS my purpose
70 appoint a commission Of prominent
woll-informed citizens. OF dinereht
parties, who will command pubic CON
ndence. both on account OF their ablilty
and their special fitness for the ""orh'
Business experience and public training
NAV thus be combined. and the patriotic
zeal OF the friends OF the country De SO
directed that such report VIII be maze
as to receive the support OF all parues'
and our finances cease to be the subject
Of mere partisan contention. The expert
ment Is, at al events. worth trlal' anu
I'm my opinion. Il can but prove benehciai
TO the entire country.


INTERNATIONAL BIMETALLlSM.


""The question Of international bimetai-
lism will have early and earnest atten-
ton 1t Will be my constant endeavor TO
secure II by cooperation with the other
great commercial powers or the world
Until that condition is realized when the
rarity between our gold and silver money
springs from and is supported by the re-
latlve value OF the two metals, the Nalue
OF the silver already coined ana OF thaI
which NAV hereafter be coined must be
Ia ct y gold
rosource nj our command. The credit OF
the government. the integrity OF its cur
rencv. and the inviolablity OF It's obliga-
tions must be preserved. This was the
commanding verdict of the people, ana IL
Will not be unheeded.


""Fconomv IS demanded in every branch
of tho Government at all times. but espe-
clallv i'm periods like the present OF de-
preston I'm business and distress among
the people. The severest economy must
be observed in all public expenditures
and extravaganza stopped wherever II Is
found and prevented whenever in the fu-
ture il may be developed. If the reVe-
nues are to remain as now, the only re-
lief that can come must be from de-
creased expenditures. But the present
must not become the permanent condition
of the Government. IL has been our uni
from practice 20 retire, not increase our
o,,tstapdirg obligations. and this policy
,,,,,et AGAIN he resumed and vigorously en-
forced. Our revenues should always DE
large enough TO meet with ease anu
promptness not only our current needs
and the principal and interest Of the pub
lie debt. but TO make proper ana hDeral
provision for that most deserving BODY or
bublic creditors. the soldiers and sailors
and the widows and orphans, who are
the PENSIONERS of the United states. Inc
,,o,,ernrnent should not be permitted 10
run behind or increase its debt In times
like the present Suitably to proVloe
against this is the mandate of duty. the
certain and easy remedy Tor most Oh our
financial difficulties y deficiency Is III
evjtable 50 long as the expenditures Oh
tba Government exceed its receipts. II
can only be met by loans or an increased
revenue. While 70 large annual surplus
Of revenue may invite waste and extrava-
eorce Inadequate revenue creates distrust
and undermines public and private credit
Neither should be encouraged. Between
more loans and more revenue there ought
IN he but one opinion. We shouid nave
more revenue. and that without delay
hindrance or postponement. surplus
IN the Treasury. created by loans IS not
""a Dermanent or safe reliance. III Will SUI
fee while il lasts, but it cannot last long
while the OUTLAWS of the government are
Greater than its receipts, as has been
tbe case during the past two years; nor
must II be forgotten that. however much
s,,cb loans may temporarily relieve the
situotion the government is still indeDt-
""a for the amount of the surplus thus ac-
crued which 1t must ultimately pay,
while ability to pay it is not strengthened,


but weakened. by a continued dencit.
Loans are imperative in great emergeh-
cies TO preserve the government or It's
credit but a failure 10 supply needed
revenue in time of peace for the mainte-
nance of either has no justification. The
hest way for the government to main
tain its credit is TO pay as It goes not
Inv resorting TO loans but by keeping out
Of debt. through an adequate income Sc
cured by a system of taxation, external
or internal, or both.


TARIFF PROTECTION.


.Tt is the settled policy of the govern
mont pursued from the beginning, and
Dracticed by all parties and administra-
.ions 10 raise the bulk of our revenue
from taxes upon foreign productions
entering the United States for sale and
consumption, and avoiding, for the most
nart every form of direct taxation, ex-
cent in time of war. The country Is
clearly opposed to any needless additions
IN the subjects of internal taxation, and
is committed by its latest popular utter
ance 10 the system of tariff taxation.
There can be no misunderstanding, either,
about the principle upon when TINS tarll
TAXATION shall be levied. Nothing has
ever been made palmer at a general
election than that the controlling prlnci-
nile i'm the raising of revenue from duties
ON iroports is jealous care for Ameri
can interests and American labor The
neople have declared that such legisla-
lion should be had as will give ample
protection and encouragement to the in
dustries and the development Of our
country. 1t is, therefore, earnestly hoped
| and expected that Congress viii, at the
earliest practicable moment, enact reve'
nue. legislation that shall be fair, rea-


sonable. conservative, and just and


which. while supplying sufficient revenue


for public purposes, will still be signally
! beneficial and helpful to every section
! and every enterprise Of the people


ITO this policy we are all, of whatever
party. frniA bound by the voice of tbs
/ people. a power vastly more potential
/ than the expression of any political plat
/ form. The paramount duty of Congress
| is to stop deficiencies by the restoration
| Of that protective legislation which has
always been the firmest prop of the
! Treasury The passage Of such law,
| or laws. would strengthen the credit OF
! the government. both at home and abroad
and 20 far toward stopping the drain
/ upon the gold reserve held for the re-
! demption Of our currency, which has been
/ heavy, and well-nigh constant for several
| years.


RECIPROCITY.


/ 'In the revision of the tariff, especial at
/ tention should be given 10 the
re-enactment and extension Of the
reciprocity principle law Of 1880
/ under which 50 great stimulus
was given to our foreign trade, in new
| and advantageous markets for our surplus
agricultural and manufactured products.
/ The brief trial given this legislation amply
] justihes a further experiment. ana ad-",OTHER
/scratch.hpc/nicola.barban2/data/AS_dataset_raw/year_1897/faro_1897/1897-08-04_p1_sn85054468_0021110210A_1897080401_0326.json,1897,6,5,\bcriminal[ -]?abort[i1][o0]n\b;\babort[i1][o0]n\b,"Mrs. Ahbie Cofnpher Alleged to Be
the Victim Of Illegal T Practices
Physicians Refuse To Give the
Ordinary Certificate OF Death
The Iaqrest to Be Held Today.","Mildred Campbell. a coIored midwife
and nurse, living at No, 2237 Eighth street
northw est, Was arrested by Sergt- Har-
bison and locked up at the Eighth pre-
cinct station yesterday afternoon, charged
with criminal abortion The arrest was
made at tic instance OF Acting Coroner
Glazehrook. The woman for whose death
Mildred Campbell Is held responsible Is
Mrs Abbie. Compiler, ttsirty-four years OF
age. the wife OF George "". Compiler,
grocer, whose place Or business and resi-
dence is at No. 300 Seventh street north
west


Mrs Compiler died at o.3o O'Clock. Mon
dag night, undereircunlstancest thatstrougly
indicated. It was stated, 3 case OF crirui-
nal abortion.


Mrs. Campher had been In a delicate
condition for several weeks, and for some
little time past had been attended by the
Campbell woman. Mrs. Compiler grew
steadily worse.


1t is alleged that. while attending Mrs.
Compiler, the nurse administered drugs to
prevent childbirth, and. these failing, per-
formed criminal abortion on the sick
woman with Instruments. 1t is said that
Mrs. Compiler. shortly before she died made
such statements. These statements, how
ever, cannot be verified, owing to the
silence observed by the family and the
midwife


shortly after the alleged operation Drs-
Joilu I. Winter and Il. H. Barker were called
in to attend the sick woman.


To these physicians, it Is stated, it was
evident that Mis-. Compiler was the victim
OF a criminal abortion. They refused
To issue the usual death certificate, and
the coroner was notified. Deputy Coroner
Glazebrook at once started an investiga-
tion or the matter. After securing eYi-
dence at the home OF the deceased and in
the neigIIhothuod he directed DR.. RUttin
to perform an autopsy, which confirmed
the opinions of the physicians, and Dr.
Glazebroak directed that the Campbell
woman be placed under arrest, the ar
rest being made by sergt- Harrison. of The
Eighth precinct.


DR.. Glazehrook, after interviewing the
woman AZ the police station, directed that
she be held.


A thorough search OF the wonan's home
brought to light pocket surgical case, in
oluding partial set of Instruments used in
the illegaifeatureo Midwifery.


This discovery, together with the find
ing of certain instrument, at once recuc-
nized by the coroner as having no place
IN the legitimate profession of nurse or
midwife


DR.. Glazebreok returned to the station
and directed that the charge of criminal
abortion be placed against the nurse


The coroner viii hold an inquest over the
remains of Mrs. Compiler this morning at II
n'nlnck",ART
/scratch.hpc/nicola.barban2/data/AS_dataset_raw/year_1898/faro_1898/1898-07-21_p4_sn83030214_00175036878_1898072101_0392.json,1898,16,15,\babort[i1][o0]n\b,,",,-, a. Angelina ci.: Angina. 2i2i.; Cons,an,'n.
:ags crst,ap ss Sel'Y Leland Ar 2l san 10 ]
Isl: n ana aen nH0 Smith ard william co.Sid are re
PERHAPS only SrscS Sse VIE Hnsp
ST. afiy '""'"" - ""


r,. r..enort svstem. or license system lo'
drivers which was hastily adopted al the IaS'
h,ernial congress 81 the National iro,""""s 60
citation IL proving 20 be quite as woI'hiess ~
effective ss experienced turfmen rreo'o'eu 49,
he In heading of the ""rirsers that Unrest 'ne
,ro,,inr turf Secretary Gocher. who was response
bio for IN. abortion OF the system IL nov ,nn,
cay searching for certain un'9 nr.tarV's office
Sas been conducting successful rInsns 'opr On
Pennsylvania tracks Such hcrss semen, lub and
w p Fss,c manager Ct charter OAK fars , es
pressed the opnCn when the fEe than hndrance
TO the turf outlaws


Tho entry list for the Detroit Grano NIeu''
Meeting is unusually light this year owing chieny
70 the fact that rival meeting almost up 70 'ne
Grand Circuit standard Is in progress az b.Aha'.'
Ind Where there twenty entries ~ 'ne 80
c,oss for PAGERS at Detroit IN 1871 there ""eie o""..
.evsr THE vear. As against twenty six tro'e's
j. the class 20 fsSs number drorPss5 from
twenty-five eleven In ,ss 1 as SiTii
fSr na' ,n ISL The Ealing The 21s p, .sis
,ryitinrI is from 10 n be IA class
q In he
Urotting, from iwertytuo TO nye arg "" VIZ ~ the
,xe ,nacirCl from thirteen 10 nNe SOM o,aii,.
other classes show a falling on a""nvs, ~ a.
me nod NoarlN All Of the horses tha, III .r.ioys
Ekhart end Petrol; this week VIII meet ~ O""''
lard next week.


Tho Noted Network trotter Page 2""s'. o'
po,ouirs WAS distanced I'm the first neat ~ 'u-
.for.ar rsce at Hornet ville last Fr'dAE II i
sa,d tina, he pulicd up lame and may not s'a''
again this year Page fred twice last VIM ~,
h,it ho train ed sound during the spring ~ w"" III.


,,1
work nnvi fortnight ago. Trainer isaac hn,rS
had entered him in the ?:l0 class at Detoi'' M""
other Grand Circuit meetings


K1a,awahs mile in 2:o6i. At Peoria last rr'oH'
leaves all other records for three-Tear-od p''""''
in the shade The best previous RECORD io' P""''''
OF this age was o:oei. and tho champion recon"" va""
held Jointly by Searchlight. Judge Hart S""'I'""'""
and Aeitato Not the least remarkable tea'u'e VI
JSlatavah's performance II the TACT tna' 'h' S'e""
colt started against sixteen aged campaigns nv""
beat them all in straight heats. kia'a""a""
nav colt by the trotting stallion Steinway' zz't,
son Of Styathmore who held the three-yeeT 90 .n
Senor5 tTentv Years ago Katie G.. the dam OF me
new champion + also the dam Of 1naries ,,ioynnss
800 She Is by Electioneer out of + amy """" road
the rrardsm Of A. n. Comhss New, oik Iuau
mare MAUD C.. ?15. by Niagara hIa'a~ Sd w MS
bred hv John F. Boyd. Danville. CAL ana va
started twice In California last season ta'uI""s ,a
record Of o:lS, tNo-year-oln. ne 80 III nv
stable OF Thomas F.. kcating",OTHER
/scratch.hpc/nicola.barban2/data/AS_dataset_raw/year_1898/faro_1898/1898-12-07_p3_sn85033781_00296023826_1898120701_0347.json,1898,11,10,\bm[i1]scarriage\b;\b(?:m|rn)[i1]scarr[iIl1]age\b,,"proposed under this contingent granted. 80
that an examination OF the feasibility OF
its plans Is necessarily not embraced In the
rerort OF the canal commission. All these
circumstances suggest the urgency of
some definite action by the congress at
this session. IL the labors OF the past are 10
he utilized and the linking OF the Atlantic
and Pacific oceans by practical water
way Is 10 he realized. That the construc-
tion OF such maritime highway is now
more than ever indispensable TO that init
mate and ready intercommunication be-
tween our eastern and western seaboards
demanded by the annexation of the Iia-
wailan islands and the prospective ex-
pansion OF our influence ard ccrar.erce 70
Pacific, and that our national po4cy row
more imperatively than ever calls for it's
control by this government, are PROPOSE
tions which ] doubt not the congress- will
duly appreciate and wisely act upon


a convention providing for the revival
OF the late United States and Chiian
claims commission and the consideration
or claims which were duly presented 10 the
late commission but not considered because
Of the expiration OF the time limited for the
duration OF the commission, was signed
May ""a, 1891 and has remained unacted
upon by the senate. The term therein fixed
for effecting the exchange OF ratificatlons
having elapsed, the convention falls unless
the time be extended by amendment, which
| am endeavoring to bring about, with the
ment


Events In China


The United States has not been an in
different spectator OF the extraordinary
events transpiring In the Chinese empire.
whereby portions of its maritime prov
inces are passing under the control Of vari-
Gus European powers; but the prospect
that the vast commerce which the energy
OF our citizens and the necessity Of our
staple productions for Chinese uses has
built up I'm those regions may not be preju-
diced through any exclusive treatment by
the now occupants has obviated the need
OF our country becoming an actor I'm the
scene. Our position among nations, having
a large Pacific coast and a constantly ex-
orient, gives Us the equitable claim 10 con-
sideration and friendly treatment I'm this
regard, and II will be my aim to subserve
our large interests in that quarter by all
means appropriate to the constant policy of
our government The territories OF Kiao
Chow. of Wei-Hai-Wei, and of Port Arthur
and Talien Wan, leased to Germany, Great
Britain and Russia respectively for terms
OF years. WILL IL is announced, be open TO
international commerce during such alien
occupation; and II no discriminating treat
ment of American citizens and their trade
be found 10 exist, or be hereafter developed,
the desire Of this government would appear
to be realized.


In this relation, as showing the volume
and value of our exchanges with China and
the peculiarly favorable conditions which
exist for their expansion In the normal
course of trade, refer to the communica-
ton addressed TO the speaker OF the house
of representatives by the secretary OF the





accompanying letter of the secretary of
state, recommending an appropria ton for
""a commission TO study the commercial and
Industrial conditions in the Chinese en-
pire and report fas to the opportunities for
and obstacles to the enlargement of mar
kets in China for the raw products and
manufactures OF the United States. Ac-
ton was not taken thereon during the
late session. / cordially urge that the rec
omme ndation receive at your hands the
consideration which its importance and
timelineSS merit.


Meanwhile, there may be just ground for
disquietude in view of the unrest and re-
vival of the old sentiment of opposition and
prejudice to alien people which pervades
certain of the Chinese provinces. AS i'm the
case of the attacks upon our citizens in
Szechuan and at kutien in 1885, the United
States minister has been instructed to Sc
cure the fullest measure of protection, both
local and imperial, for any menaced Amer
lcan interests and to demand, in case of
ldwleSs injury to person or property, in
slant reparation appropriate to the case.
Warships have been stationed al Tien Tsin
Tor more ready observation of the disor-
ders which nave invaded even the Chinese
capital, so as TO be ia a position to act,
should need arise, while guard of ma
rineS has been sent TO Peking to afford the
minister the same measure of authorita-
tive protection as the representatives of
other nations have been constrained 10 en-
ploy.


The Cerruti Affair.


Following close upon the rendition of the
OI my predecessor as arbitrator OF
the claim of the Italian subject Cerruti
against the republic of Colombia differ
ences arose between the parties 10 the ar
bitration in regard TO the scope and extern
sion of the award, of which certain articles
were contested by Colombia, while Italy
claimed their literal fulfillment. The award
having been made by the president of the
United States an act of friendly consid-
Grafton and with the sole view to an i'm
partial composition Of the matter I'm dis
pute, j could not but feel concern at such
miscarriage, and, while unable TO accept
the Colombian theory that |, in my official
capacity, possessed continuing function as
arbitrator, with power to interpret or re-
wise the terms of award, .my best efforts
were lent to bringing the parties to a har-
monious agreement as to the execution of
its provisions A naval demonstration by
Italy resulted in an engagement TO pay the
liabilities claimed upon their ascertain
ment; but this apparent disposition of the
controversy was followed by a rupture of
diplomatic intercourse between Colombia
and Italy which still continues, although
fortunately without acute symptoms hav-
Ing supervened. Notwithstanding this ef-
forts are reported to be continuing for the
ascertainment of Colombia's contingent
liability on account of Cerruti's debts, un-
der the fifth article OF the award


claim Of an Aperican citizen against
the DOMINICAN republic for a public bridge
over the OZama river, which has been i'm
diplomatic controversy for several years,
has been settled by expert arbitration and
an award I'm favor of the claimant amount
ing to about $4,000. 1t, however remains
unpaid, despite urgent demands for its set
tlement according to the terms Of the com
pact.",OTHER
/scratch.hpc/nicola.barban2/data/AS_dataset_raw/year_1899/faro_1899/1899-11-14_p2_sn84020355_00279554863_1899111401_1072.json,1899,4,3,\bfemale[ -]?(pills?|safe(?:ty)?|remed(?:y|ies))\b,,"A negro IN the island of Dominica,
British West Indies, has been charg-
ed with numbering a child in order to
provide human sacrifice for Obeah'
or voodoo worship, in connection
with search for alleged hidden
treasures. Hayti is another island
where human sacrifices are alleged
to occur still, III voodoo practice, in
out Of the way places ut night, and
the flesh Of the children thus sacr1-
feed is said to be eaten.


N. P. Guldagger, at Jones' old
stand, is prepared to do blacksmith
ing i'll all Of it's branches at prices to
suit the times. Horse: shoelng and
wagon work a specially. All work
guaranteed. Take your work to Mr..
Guldagger's shop if you want it done
well and ut reasonable prices.


The trial Of what are known as the
@riot cases"" began before Judge Kohl
satt i'll the Federal Court at Chicago
yesterday. These are the cases in
which various railway companies ask
for judgments against the city for
damages to their property suffered
during the railroad strike In 1894, on
account Of the alleged failure of the
police department to furnish ade-
quate protection. The aggregate of
these claims is nearly S5,O0000O.


FRENCH TANSY WATERS, the
worlds famous remedy for irregula
and painful periods of ladies; are
never failing and safe, rejuvInate the
system and brighten the eyes; restore
health and beauty to the faded;
French Tansy Waters are the only
reliable female remedy in the world;
Imported from Paris; take nothing
else from the druggists, but insist OH
the genuine; in red wrappers with the
crown trade mark. Price, 81. For
sale by all druggists, or sent by us
direct on receipt of the price. La
France Drug o.,importers. BOG Turk
ST.. San Francisco.


If the forecast Of the most renown-
ed astronomers is fulfilled, between
ten o'clock tonight and the first
flush of dawn tomorrow morning, the
most brilliant celestial pyrotechnic
display ever witnessed since mans
advent on earth will be in evidence
when the earth passes through the
center Of Biela's comet, the contact
resulting in meteoric shower Of un-
surpassed splendor.",ADS_REPRO
/scratch.hpc/nicola.barban2/data/AS_dataset_raw/year_1899/faro_1899/1899-03-02_p4_sn84026912_00294558640_1899030201_0530.json,1899,32,31,\bm[i1]scarriage\b;\b(?:m|rn)[i1]scarr[iIl1]age\b,,"No othor medicine builds up and FORT
lies the ayatem against miscarriage as
well as Simnons' Squaw Vino Wine OF
Tablets. ..l",ADS_REPRO
/scratch.hpc/nicola.barban2/data/AS_dataset_raw/year_1900/faro_1900/1900-07-10_p1_sn89053684_00414182306_1900071001_0819.json,1900,13,12,"\bavoid(?:ing)?[ -]?(?:conception|pregnancy|offspring|children)?(?=|[-–—:;,.]|'s)","Those who Appear and Are Con-


cerned in the Hearing.","New York. July SIT is evident that B.
D. Greene and the Gaynors are making
the fight of their lives 10 avoid. if possi-
BILE being returned to Savannah for trial
on charges of conspiracy. This was ap-
parent at the outset of the hearing before
Commissioner John A. Shields on Friday
afternoon. No sooner had the moment for
the hearing arrived than Mr.. Aoram J.
Rose, who. with his partner, Mr.. Kellogg,
is representing the defendants. interposed
a sweeping objection to the whole pro-
ceeding. even before the order signed by
Judge Brown providing for the hearing
had been read.


District Attorney Marion Erwin, who is
conducting the case alone in behalf of the
government, suggested the advisability
of having the order read, which was done.
Mr.. Roses objection to the proceeding
on the ground of a lack of jurisdiction
was then promptly overruled by the COM
missioner.


Commissioner Shields has roomy
court in the Postofffce building. The Gay
nor hearing, however. does not seem a
sufficient dra wing card here 10 fill II. The
district attorney, Capt. c. f. Gillette. Mr..
j. w. o. Sterley, the defendants and their
counsel, and half a dozen reporters, con-
stitute the audience at the hearings. Mr..
NJ. A. Connolly, who is here, drops in
and out as an interested spectator and
the witnesses are on hand as they are
wanted


Directing to Everything.


The first witness heard when the com
4
ceed was Col. Goodyear of Brunswick
harbor fame. 1t was designed to show
that Capt Garter had opposed Col Good
years plan of work, recommending in
stead jetties and dredging. The inference
being that this work was wanted for the
Atlantic Contracting Company so that it
might take down another slice Of govern
ment pie.


Messrs Rose and Kellogg objected TO
Col. Goodyears testimony as a whole.
When Il was allowed. they began to enter
objections TO the individual. questions in
many cases on purely technical grounds
This was kept up during the entire ex-
animation of the witness, and Of every
witness since examined and with a pros
pect of being continued TO The end of the
hearing in spite OF the fact that it is mere
ly preliminary. IT was quite apparent
that they intend TO make as hard a fight



court should the case go there. 1t Is a
fight to keep the case out of
court If possible. and 1t is safe
10 say the New York end OF
It. al least. will not end with the COM
missioners' court, should the decision be
adverse to the defendants


Commissioner Shielss seems inclined TO
go thoroughly into the evidence. and he
is overriding many of the objections of
the def ndants counsel. in fact It may
he said that most OF the testimony goes
In with objections noted. Il looks, how
ever, as If the hearing will be long
drawn out-probabiy two or thre weeks
or a month will be required at the pres
out rate TO get the case fully before the
commissioner. The objections OF the de-
PENDANTS counsel will be responsible for
much OF the delay.


some of the Witnesses.


There are very few OF the witnesses
here at present. They are coming in TWO
or three at time they are needed.
VIM H. Nenabe Of Atlanta. and r. j.
Apnew OF Savannah were on the stand
yesterday. Both were witnesses in the
Garter case, principally as to the difieul-",OTHER
/scratch.hpc/nicola.barban2/data/AS_dataset_raw/year_1900/faro_1900/1900-03-27_p2_sn86071779_00175031431_1900032701_0924.json,1900,83,82,\bEngl[i1]sh[ -]?pennyroyal[ -]?p[i1]lls\b,,"Y AIDES! Use Chichcster's English Pennyroyal Pills.
liz Beat! Safest! Only Iirnblc. Take no other.
al Jsny OF your DruEGis o. .enh e stamps, for pLtie
uara md ""Hc!s for Ladies', In letter by return IN ALL


Ch!chcstur ChcInicnfC Co., Phiindn., in.",ADS_REPRO
/scratch.hpc/nicola.barban2/data/AS_dataset_raw/year_1901/faro_1901/1901-06-05_p1_sn84036207_00295860157_1901060501_0571.json,1901,8,7,"\bavoid(?:ing)?[ -]?(?:conception|pregnancy|offspring|children)?(?=|[-–—:;,.]|'s)","Breeds Dandruff, Which Causes Fall
ing HAIR and Finally Badness.","Prof. Unna, Hamburg, Germany,
Europe an authority on skin diseases,
says that dandruif is as contagious as
any other 1nalevolent disease, and that
one common source of the spread of
dandruff IS the use OF the same hair
brush by different persons. The way
to avoid ,atching dandruf or any
8 her disc: Sc + ON another's brush. is
to il sist 81, the use of Newbro's Herr
picide. It not only kills the dandruf
germ, t II, il is also an lntisep,c that
will. .preven the catchthg ""fafy diseas,
whatever through contagion of an
sothes', blush. - ,",OTHER
/scratch.hpc/nicola.barban2/data/AS_dataset_raw/year_1901/faro_1901/1901-02-08_p5_sn83025186_00202198399_1901020801_1209.json,1901,12,11,\bsuppressed[ -]?menstruat[i1][o0]n\b;\bsuppre(?:ss|ß)e(?:d|c[l[I[1lI]l][1lI]])[ -]?(?:m|rn)enstruat[i1][o0]n\b,LADIES DON'T WORRY.,"DIR. lie Dues Genuine French Fe.
male Regulator"" is positively guaran
teed and mailed by Kidd Drug Co., Ell.
gin, ILL.,, to remove and relieve patholoc
Zeal Monthly Stoppages, Female irregu.
larities, Suppressed Menstruation, OBJ
structions and impressions, from what.
ever course, or send free medicine until
cured If guaranteed lot does not relieve,
Sent on receipt of price, 81 a package
or s for $500 Retail and wholesale OF
j. r. Hurlbut Co.. Des Moines. Full
line of Rubber Goods; name what,yo
want. ~",ADS_REPRO
/scratch.hpc/nicola.barban2/data/AS_dataset_raw/year_1902/faro_1902/1902-10-31_p7_sn90059523_00206538284_1902103101_0824.json,1902,18,17,\bm[i1]scarriage\b;\b(?:m|rn)[i1]scarr[iIl1]age\b,,"congress, though all the incidents and
consequences of high protective tar
iff We're considered, it was hoped that
the plain and palpables fact that was
then considered a large surplus re-
manned in the government treasury
which should be in the possession Of
the people, might, as an object lesson
from an unusual standpoint, effectually
present the situation. This was, there
fore, in sense made the keynote of
the message


Mr.. Cleveland made several quota
lions from that message, and contin
ued. 49, 50 49,


Worse Than in 1887.


II have quoted thus literally from
this message solely for the purpose
of showing not only the accepted po-
sition of the Democratic party on the
tariff question, but also as suggesting
the material then available in attack
ing tariff iniQuitieS. I want if I can,
to lead you to a contemplation of the
iniquities that have since accumulated,
to the numerous additions to vicious
and dangerous progeny born Of tariff
license and depravity, to the increased
material Of successful attack and to
the present duty of all who love our
people more than self to strike blow
whenever and wherever it is possible
for our country'S honor and emancipa-
ton.


Less than year after this ones
sage) announcement of Democratic
doctrine, it was made target for all
sorts Of attack in presidential cleo
ton. The timid were assured that alb
Solute free trade would follow Demo-
cratic success; that the importers paid
the custom taxes; and, above all, that
IT any revision or change was expedi-
ent, it should be entrusted to the
friends of the tariff. The people were
persuaded to continue these friends in
political control and they forthwith
constructed a new scheme of high pro-
lection. The advanced growth of the
arrogance and greediness of tariff
benef1ciaries and the kindness shown
them by these friends of the tariff
exhibited in this scheme demonstrated
how confidently they relied upon the
continuance of the peoples credulity
which they had so recently and sue
cessfully tested.


An AbominabIe Bill.


1.-THE bill then passed was so full of
denominations and so plainly showed
the heedlessness of it's authors and
benefciaries and their disregard of the
interests of the people, that the voters
of the land, though accustomed to



IN their revenge and condemnation.


Tt might naturally be supposed that
so violent a blow as was then given
would admonish, if it did not reform,
these promoters Of selfish tariff bene-


fits. This, however, was by no means
in accord. with their natures, nor in
agreement with their Vaccinations.
AS unregenerate as ever, as arrogant
as ever, and hoping as confidently as
a w hn Ia
could be again led away by false lights,
they sullenly surrendered control of
governmental policies and lay in wait
for their opportunity. The lamentable
conditions which quickly gave this OPP
portunity are familiar to you all. am
not here to speak of Democratic mis-
fortunes or miscarriage, but to call at
tention to the unyielding tenacity in
which they grow and develop when
ever they have an opportunity.


Sooner than they had the least rea-
son to expect, the friends of the tariff
or, in other words, those who sought
to grow rich with government help at
the expense of the people, with their
aiders and abettors, had tursed over
to them the work of again adjusting
tariff rates.


Made the Most of 1t.


.How did they approach the task?
was 1t Will 1t pdlTlOtlC luleullOH 10
really benefit the masses of our people
and make their burdens lighter? This
they would hardly declare without a
sly wink Was it even with the fear
of the people before their eyes? Sure
ly nothing indicates it. On the con-
trary, they exultantly relied upon their
ability to delude the people; they had
not even yet learned to fear them
Their work was undertaken as they
would have entered upon a privilege
| to make the most of it.


st have heard it said upon excellent
authority that expectant benefciaries
under the existing tariff laws-nade
by it's friends-were actually allowed
| to construct the schedule by which
| they expected to profit. This was quite
in keeping with the color and COM
plexion of the entire scheme. Evil
dence abounds in apd about it, indi-
| eating that the welfare and interests
| of the common people of our land were
| not allowed to disturb in any unpleas-
! ant degree the serenity of those having
| the work in hand. l believe this last
| exploit of the so-called friends of the
tariff in its revision should amply sat",OTHER
/scratch.hpc/nicola.barban2/data/AS_dataset_raw/year_1902/faro_1902/1902-07-22_p2_sn85025007_00175046823_1902072201_0532.json,1902,16,15,\billegal[ -]?operat[i1]on\b,NOTORIOUS WOMAN ARRESTED,"NOTORIOUS WOMAN ARRESTED
profound sensation was caused in
Winchester yesterday afternoon by the
arrest of Susan Barber, notorious col
ored woman, OH a charge of manslaugh;er
and infanticide, in having caused the
death of Mrs. Margaret Athey, the
pretty young wife of Oscar Athey, by an
illegal operation. The Barber woman's
arrest was the outcome of deathbed
confession made by Mrs. Athey to her
physician. The Barber woman per-
formed the illegal operation upon the dy-
ing Mrs. Athey at her own request. The
dying woman also said that her husband
had repeatedly begged her not to undergo
the operation, and with her very last
breath she exonerated him from all
blame. Margaret Barber was committed
to Jail without bail for hearing. For
many years she has been a notorious
character, and many CHASTITY stories of
crime concerning her have from time to
time been told. The finding of the dead
bodies of infants buried near the spots
where she has lived were attributed to
her, but no direct evidence has ever been
forthcoming, and in consequence she has
escaped punishment. The woman is
nearly 70 years of age, and although she
is colored person, her skin is white and
parchment like.",ART
/scratch.hpc/nicola.barban2/data/AS_dataset_raw/year_1903/faro_1903/1903-12-03_p2_sn89067273_00200292650_1903120301_0382.json,1903,9,8,\bMrs[.]?[ -]?Bird\b;\b(?:M|RN)rs[.]?[ -]?B[iIl1]r(?:d|c[l[I[1lI]l][1lI]])\b,MARTINs5uRo.,"Miss Ollie Kelly visited Ara Me-
Grew Sunday.


Mrs. White of Wellsyille visited
Miss Minnie Ellis Sunday.


Charlie Watkins of st. Louis
visited his home folks Sunday.


Mr.. and Mrs. Bird of Vaudalia
are visiting their son, l.. A. Bird.


q. Douchan aud l. Detienne of
Mt. Carmel visited friends here
Sunday.


Mr.. and Mrs. p. EcklSr spent
Thanksgiving with relatives in
WarrentOn.


Mrs. john Hilkermire enter
tanned a few of her friends at din
ner Sunday.


The creamery here was sold Sat
urday to highest bidder, Mr..
Ahrns, paying $3.50.


There was a large crowd in town
Saturday attending the horse sale.
TIE Western horses sold cheap.


Mrs. Mike Brandon spent sever
al days last week with her parents
Mr.. and Mrs. Weatherford in Lad
donia.


Mr.. and Mrs. Ed Hickerson
from near Laddonia visited the
formers sister, Mrs. Johu Lane
ing, aud family Sunday.


Mr.. 10 Fennewall and Miss Ed
M Wiley were married last We'd
nesday at the brides mothers by
Rev. Chinn of Vandalia. They
have the best wishes of their many
friends.


The Ladies' Aid Society of the
NJ. e. church cleared about $40 at
the Thanksgiving dinner and sup
per. There was an abundance of
good things to eat and everybody
seemed thankful and happy.


The NJ. +. church was dedicated
on Sunday by Rev. E. b. Lytle OF
Maryville. The sermon was en-
joyed by all, and in a short time
they raised $374-Eufficient to pay
all Indebtedness and we rejoice
with them. Quite n number from
Wellsville and Laddonia attended
the dedication services.",OTHER
/scratch.hpc/nicola.barban2/data/AS_dataset_raw/year_1903/faro_1903/1903-05-14_p7_sn84022565_00332895539_1903051401_1008.json,1903,54,53,\babort[i1][o0]n\b,"Farm
abortion


Cure","gave her Hood Farm Abortion Cure as
directed for three weeks. The swelling all
left her and two months later she dropped
the best calf on the farm. ! had mare
that showed signs OF abortion. Gave her this
remedy and she toaled a.liying colt X. c.
THOMPSON, Bows, Iowa.


Two sizes-Sl and $3.50 Large four times
dollar size. Call for treatise on Abortion
and Failure to Breed


Hood Farm Remedies are for sale by
FRANK W. BUeKEAM, Skowhegan, Me.",OTHER
/scratch.hpc/nicola.barban2/data/AS_dataset_raw/year_1903/faro_1903/1903-07-17_p3_sn95047297_00295865507_1903071701_0339.json,1903,1,0,"\bavoid(?:ing)?[ -]?(?:conception|pregnancy|offspring|children)?(?=|[-–—:;,.]|'s)","They Are Somewhat of a Shock to


the American Tourist.","the American Tourist.


zone thing sure TO shock the Ameri-
can tourist is Greek funeral"" said a
recently returned traveller. ut is a
spectacle which most persons of con-
vention governed decency desire to
avoid, because the body of the dead is
exposed in an open hearse. The coffin
is shallow, so that not only the face
and head, but the hands and much of
the body, can be seen from the side
walk as the procession moves through
the streets.


1.-THE lid Of the coffin, frequently rich
ly upholstered and decorated with gar
lands and wreaths, is carried on the
hearse by the undertaken. The priest
the relatives and other mourners fol-
dow, and as the CHASTITY spectacle moves
along it is customary for bystanderS to
remove their head gear and cross them
selves.


ain the Athens cemeteries graves are
rented for a term of years, just like the
habitations of the quick. Only the
wealthy own burial lots. This is in
variably an evidence of wealth or aris-
tocracy. The poor seldom dream of
buying lot or tomb. Such purchase
would be deemed among them an I'M
necessary luxury.


""At the end of the term for which q
grave is rented the bones are dug up
placed in bag, labeled with the name
and date and daDoSitpd in n general re-
ceptacle.""-New York Herald.",OTHER
/scratch.hpc/nicola.barban2/data/AS_dataset_raw/year_1904/faro_1904/1904-05-03_p4_sn85038485_00340583541_1904050301_0039.json,1904,9,8,\brace[ -]?suicide\b;\brace[ -]?su[iIl1]c[iIl1](?:d|c[l[I[1lI]l][1lI]])e\b,"COMMENTS ON MEN AND

 MATTERS OF THE WORLD","graphed and inserted in any of the other papers free of charge. No doubt this ser vice will be greatly appreciated by read CTS of the Baltimore Herald and It might prove advantageous for other papers in the country.

 Gotham Is wondering why Russell Sage permitted the assessment on his personal property to remain at s2.000.O0o when he could have easily sworn off a large part of this amount and in fact the day of closing the books was several times post poned for his benefit. There is now no possibility for a further extension and MT. Sage will have to pay taxes on this enormous amount of personal property. The public is unable to understand whether he was purposely negligent of the matter or whether he was so busy chasing dollar in another direction that he allowed himself to lose many dollars by tax assessment.

 Henry James Is new race suicide prophet who cheers the world with the announcement that the decreasing num- Der of large families is the solution of all social and economic problems The New York World at once takes MT. James up with the question, Who will till the fields and see that the wheels of industry are kept running when in every family there are one of two chil- dren whom their parents can bring up in pampered luxury and assure of a coi- lege education? The World further states that men of genius have in the past been the product of large families and is of the opinion that MT. James statement regarding race suicide brings on more talk.

 At some time this fall the Smith family of the United States will assemble at the St. Louis fair, provided the plans of certain Smith of Kentucky fail not This MT. Smith wants all the other MT. Smiths and Mrs Smiths, together with all the It. tie Smiths, to come to St. Louis prepar- ed to have a hilarious time. There will be a parade and other spectacles which will serve to convince the country of the great importance of the Smith family. Of course there will be an army of Smiths to attend the fair as it is but the purpose of MT. Smith of Kentucky Is to have all the Smiths to attend at one time. Smith day would be a great day ] at the fair and would make the tribe of Jones look like a dish of scrambled eggs.

 A young lady who lives in waukegan was on the verge of matrimony but changed her mind for 30 cents. The story of her romance is interesting but not thrilling. The young lady had about made up her mind to marry young man of her acquaintance, but at the last mo- ment she decided that her prospective husband did not look as attractive to her as a raise of 30 cents a week in her salary. It seems that the girl works in hash refectory of her town. She will continue her culinary duties under the new wage schedule while her forsaken sweetheart will ignominieusly go down in history as worth less than 30 cents l PC",ART
/scratch.hpc/nicola.barban2/data/AS_dataset_raw/year_1904/faro_1904/1904-02-04_p9_sn84020645_00513683996_1904020401_0393.json,1904,5,4,\bm[i1]scarriage\b;\b(?:m|rn)[i1]scarr[iIl1]age\b,If Not. Eeminals Win Bring xOu,"IT NotS 3em1D@l& W&lI Bring XQU

 Health and H. -piness.

 The exactirg and tiresome duties of w7- men in every sphere are agreeable and pleasant where there is health--and where there ls Feminaia there is health. This does net mean that Feminala Is a mystic balm, whereunto every disease pe- culiar to woman in her wonderful com plex organism, will yield-but 1t does mean that Feminala will benefit and per- manently cure more of the every day run of diseases. from which women suffer and are made weak and haggard, than any other specific of whatever nature now known to medical science.

 Feminala, the prescription of an emI- nent specialist, is a safe. prompt and sure cure for suppressed, profuse. scanty. palm full. delayed or irregular menstruation; whites. falling of the womb, green sick ness, inflammation or alteration of the womb, disorders of the change of life, Arrangements and diseases of pregnancy: threatened miscarriage. barrenness, ner- vousness, pains, headache, hysteria, men tai anasmia, impure blood, rough and discolored skin, blotches, etc, caused by diseases peculiar to women. Feminaia cures by specific action on the female or gans. and by building up the system, strengthening and toning up the nerve centers, aiding digestion and purifying the blood.

 Feminala is now sold. recommended and guaranteed by druggists, sl.O0 bottle.

 Not to Women.--A sample of bottle of Femtnala and a book concerning diseases peculiar to women will be mailed ins plaIn1 sealed package, free upon request if addressed to The American Drug Com nany, Rirminghsm, Ala Write for it to- day, 1",ADS_REPRO
/scratch.hpc/nicola.barban2/data/AS_dataset_raw/year_1905/faro_1905/1905-09-02_p3_sn86076201_00279554073_1905090201_0357.json,1905,12,11,\brace[ -]?suicide\b;\brace[ -]?su[iIl1]c[iIl1](?:d|c[l[I[1lI]l][1lI]])e\b,THE DELAMAR TWINS.,"To former Eurekans belong
the honor of being the parents of
the first twins born at DeLamar,
Lincoln County. On Wednes-
day, Aug. %, 1905, Mrs. Frank
r. McNamee, nee Efie Webster,
presented to her husband a 10 IL
pound boy and a 9-pornd girl.
No race suicide in the McNamee
family.",ART
/scratch.hpc/nicola.barban2/data/AS_dataset_raw/year_1905/faro_1905/1905-05-26_p2_sn90051265_00383341498_1905052601_1214.json,1905,1,0,\brace[ -]?suicide\b;\brace[ -]?su[iIl1]c[iIl1](?:d|c[l[I[1lI]l][1lI]])e\b,Encouraging Infant Industries.,"The steel product OF the United
States In the last year OF return
amounted to about forty.two per cent.
OF the worlds total output. Amons
the families of workmcn in the Carnc.
rie steel district. at Homestead and
Munhnll. Pennsylvania, in the last
three days the stork has distributed
oiGh,y.siS souvenirs OF his friendly
visits. Not often to n single industry
does Il fall to contribute thus notably
and with such wide difference In offer
inHs 20 the material prosperity OF the
republic.


Race suicide is tried by the furnace
Mt Homestead and is found wanting.
The propricty Is suggested to Mr.. Car
ncgIc OF n distribution OF christening
gifts In Steel preferred. Thus may
one Infant industry"" encourage an
other.-Ncw York World.",OTHER
/scratch.hpc/nicola.barban2/data/AS_dataset_raw/year_1905/faro_1905/1905-05-14_p1_sn85042462_00175047293_1905051401_0186.json,1905,6,5,\brace[ -]?suicide\b;\brace[ -]?su[iIl1]c[iIl1](?:d|c[l[I[1lI]l][1lI]])e\b,"City Official Is an Advocate of the
Ordinance Making 1t Crime
to Refuse to Rent to Fam.


lilies With Babies","Special to The Herald


CHICAGO, May 13-Alderman Jona-
than Ruxton, representative of Presi-
dent Roosevelt's anti-race suicide club
in Chicago, and chief enemy of land
lords who close their houses and flats
to families with babies, was threaten
ed with death today unless he dropped
his advocacy of the ordinance in the
city council making it crime for
landlords to refuse to rent to people
with children.


Alderman Ruxton received an an
nonymous letter in which he was
berated and ridiculed and the writer
threatened to shoot him. The writer
evidently is a landlord who will be
sorely hit If the ordinance is passed.


The alderman declares he will urge
the passage of the ordinance more
strongly than ever. After turning the
letter over to the postal authorities he
said such threats would only make
him more bitter against landlords, who
refused to have children in their
buildings. The letter was shown to
several aldermen and they declared
they would vote in favor of the ordi-
nance.


1--WE won't let one of our members
be bluffed that way"" said one Of the
stock yards city fathers.",ART
/scratch.hpc/nicola.barban2/data/AS_dataset_raw/year_1905/faro_1905/1905-01-17_p4_sn92053934_00202198545_1905011701_0553.json,1905,16,15,\brace[ -]?suicide\b;\brace[ -]?su[iIl1]c[iIl1](?:d|c[l[I[1lI]l][1lI]])e\b,,"A. a phrase RoOseyelt's race re-
striction and race suicide may sup
plant the rum. Romanism and REBEL
ioE OF Blaine's time. but revision and
ready relief wonld have r.ore real
meaning.",ART
/scratch.hpc/nicola.barban2/data/AS_dataset_raw/year_1906/faro_1906/1906-09-07_p1_sn86063579_00280774376_1906090701_1187.json,1906,2,1,\brace[ -]?suicide\b;\brace[ -]?su[iIl1]c[iIl1](?:d|c[l[I[1lI]l][1lI]])e\b,Domestic Science In The Schools,"The education that does not recognize
sex difference is rapidly passing away,
The most hopeful note in modern pro-
gress is that educators, sociologists and
philanthropist have come to realize the
necessity of an educational system that
developes women for the home, that
recognizes those peculiar problems of
physique and function which mark the
necessary divergence of educational
methods between the sexes.


An initial phase Of this movement is
the introduction of domestic science in
to many Of the private and public
schools of the country, and 1t is only a
question of time when no school sys-
tenn will deny to its pupils such train
ing. The servant problem the pure
food problem, the race suicide problem
and many Others sociological difficulties
will be solved largely by this system
that educates girls as girls.",ART
/scratch.hpc/nicola.barban2/data/AS_dataset_raw/year_1906/faro_1906/1906-11-14_p2_sn89081022_00212472621_1906111401_0374.json,1906,27,26,\beugen[i1]cs?\b,"Our Washington Letter
Interesting Gossip Gathered the National Capitalize Stop Mar
riage Of Blind Persons-Weak Spots in Bank Examinations
Pointed Out.","ACKNOWLEDGEMENTS control OF the
marriage Of persons deprived Of one or more Of
their senses is the latest administration idea. BY
his appointment of committee on eugenics AS
sistant Secretary of Agriculture w. NJ Hayes has
taken step which, it is expected will result in
great improvement in the human through
more favorable conditions in the relationship Of
the sexes


1t is the object of this committee to devise
way to prevent the marriage of two blind persons,
should it be determined that their union would
result in a transmission Of their deficiency


Members of the committee are: DR.. Alexan-
DEF Graham Bell, Washington; DR.. David Starr
Jordan, president of Leland Stanford university;
Maj Charles Woodruff, NJ D.. U. S. A.; DR..
Charles B. Henderson, University of Chicago; G.",ART
/scratch.hpc/nicola.barban2/data/AS_dataset_raw/year_1906/faro_1906/1906-05-14_p11_sn83045366_0020653834A_1906051401_0338.json,1906,50,49,\bMrs[.]?[ -]?Bird\b;\b(?:M|RN)rs[.]?[ -]?B[iIl1]r(?:d|c[l[I[1lI]l][1lI]])\b,"He and Nelghbors Built a Dam Where
the Mississippi Flowed Thru His
Land and Later by Gun Play He
Turned Crew of Drivers from Their
Course. a.,.l ;, ...syt - Il ....g ~ y","Duluth, Mimi, May 14.-H. Henzleman,
homesteader on the Mississippi river near Sol
way, Beltrami county, is in fair way to
divide the attention that has been directed
toward John Deitz Of Thornapple dam fame.


It is stated that he and his friends who are
in sympathy with his contention with the H. T.
Hanchett Lumber company have built ""a dam
across the river on his land, and Henzleman
has been guarding it with a gun.


A warrant was sworn out for his arrest be-
fore Solway Justice of the peace for alleged
assault on George Schunberger, a river-driver
foreman in the employ of the lumber company.


The lumber company paid no heed to Henze-
MINIS threats, and sent Schunberger out with
drivers, but homesteader is al
legged to have defeated their plans by threa ten
ing to shoot the first man who tried to send
logs down. -. sa-


The crew retired and later the warrant was
ISSUED. -.. 40


Charged with Trying to Burn Wife.


James Calhoun, colored porter was arrested
| at his home last night and will be held pend
ing investigation to the identity of the per-
| son who set fire to the home of Foster Bird,
colored,. at 1924 Sixth avenue east, where his
wife had taken refuge after, it Is alleged, he
had beaten her and thrown her down a fight of
stairs .... .. d.
The house was fred from the rear, kindling
and paper being thrust thru open window
under Il pile of dry birch wood in the base
ment. Anton, William and John Bernhart de-
clare they saw a man vault the fence with the
kindling and, paper in his arms, and that q
moment later a blaze shot upward the roof.
They succeeded in extnguishing the flames.


Mrs. Foster Bird. in whose home. Mrs. Cal
houn had taken refuge, says that Calhoun fol-
lowed his wife to the door. and when 1t was
closed in his face, demanded adnittance. This
being refused him, Mrs. Bird declares, he threat
ened to set fire to the house.


| He Immediately left the building, and shortly
afterward Mrs Bird was informed by neigh
bors that her home was In flames. Calhoun
denies that he set fire to the Bird dwelling OF
| that he beat his wife. $50 ...@


Hoosier Arrested at Duluth.


Detectives Irvine and 4Shulte arrested Charles
M Case Of Indianapolis at the Duluth post
office, acting upon request from the Indian
| apolis authorities, who say Case is wanted or
charge of embezzlement of $3.50. Case Is
held awaiting the arrival of officer to take
him back to the Indiana city. ~ 'Er
| Case is Of the real estate firm Of Rentscf
g. Case of Indianapolis and he says that he
drew out $3.50 of the FIRMS money before com
ing here, and that he had perfect right tt
do IT. He will not resist requisition papers.
r.. 4Er~ s.


RICE LAKE, WISE: e. Campbell, former
i II of the Rice Lake Chronotype, has, purchased
! George c. Elwoods interest in the Leader
and will publish 1T in partnership with r. G.
ais ~:",OTHER
/scratch.hpc/nicola.barban2/data/AS_dataset_raw/year_1907/faro_1907/1907-11-08_p1_sn84023416_00202197553_1907110801_0614.json,1907,15,14,\brace[ -]?suicide\b;\brace[ -]?su[iIl1]c[iIl1](?:d|c[l[I[1lI]l][1lI]])e\b,PLAN NATIONAL CAMPAIGN.,"Aim to Kill Food Trusts and Save


Race From Rising Prices-Guarantes


Fasting to Cure Everything, Inelud-


ing Race Suicide.


New cults spring up like mushrooms
In Boston and generally live and die
there. but the very newest OF them all
the followers of which are fiippantly
called the MIN SLnewers."" are ambi
tiously planning To extend their mis-.
sionary efforts TO ten other big cities
and thereby quickly make their move
ment national. says Boston special to
the Philadelphia Record. These are
the laudable results which the MILK
Chewers' aim and expect TO bring
about:


First.-Death to all food trusts.


Second Reduction OF living ex.
penses to half present amount.


Third .-Anuihilatiou OF doctors.


FOurth.-Aboition of race suicide.


The MIX Chewers"" are not lot OF
old women faddists or dilettante scien.
ilHAHs 4 ht NhhA Ati dit SNdiu
and highly respectable Bostonians.
MIX Chewers"" is the name given to
the new cult by facetious unbelievers.
Correctly speaking, its members are
Fletcherites. followers of the philoso-
ply of the great masticator Horace
Fletcher, who says that each mouth.
full of milk should be chewed or insali-
waited as completely as If ii were solid
food


By public speaking and the dlstribu.
tion of literature the Fletcherites will
strive TO teach people that they could
subsist If they would only try it on a
mere fraction Of the food they now
buy. Something must be done. they
say, in view of the tremendous in.
crease in the cost of foods. What
would be better than the cutting down
of the daily rations?


'lf you have been eating two eggs
for breakfast"" say the Fletcherites,
begin by eating only one. drink only
one cup of coffee. use only one lump
of sugar-one Of everything where you
have hitherto used two or more.


whats the use"" they say, ""of
throwing into your system twice as
much fuel as is really needed, especial
ly as food. like all fuel. has its proper
tionate amount of ashes to be disposed
of? Its simply wasting energy and
money""


When a sufficient number OF follow
ers are secured and everything is fully
organized for the grand coup word
will 20 forth to the faithful to fast,
perhaps for week or ten days. and
simultaneously in ten cities all Milk
Chewers"" will stop buying


with such boycott enforced"" say
the enthusiastic. the most redoubtable
corner in provisions, fruits or vegeta-
bles would be conquered and. In spite
of cold stOrages, brought to terms""


Much stress is laid on the curative
value of fasting as well as upon its
commercial value. No less an author
ity than DR., Robertson Wallace says
he has known patient to fast for ten
days to his great benefit. The aver
age fast recommended by the MIX
Chewers"" for ordinary ills. however.
is but three days.


During his fast the patient may take
as much water as he pleases and a
moderate amount Of exercise-say, a
three or four mile walk each morning
The return TO eating is effected
through the milk diet, each mouthful
being carefully chewed. Between each
pint of milk the juice of lemon may
be slipped to prevent biliousness. The
milk diet is usually kept up from two",ART
/scratch.hpc/nicola.barban2/data/AS_dataset_raw/year_1907/faro_1907/1907-02-17_p31_sn83045462_0028065579A_1907021701_0750.json,1907,3,2,"\bavoid(?:ing)?[ -]?(?:conception|pregnancy|offspring|children)?(?=|[-–—:;,.]|'s)",,"the mounted man had his day, and his friends
loudly sang the praises of cavalry and mounted
infantry


The last war completes the cycle Then the
artillery fought under almost ideal conditions The
country was of course well known to the Russians
who had occupied it, and had been thoroughly
mapped out by the Japanese at the time of the
Chinese War and subsequently, 1t is largely a
rolling country, practically barren of timber, and
dotted with small towns in which the Manchurian
farmer lives The towns built of thick mud
walls and offered excellent targets to the artillery
of both sides, to whom the distances were well
known. They were like the hamlets of Napoeons
day. the natural points of attack and defense


So every nation models its army after it's own
likeness and according to its needs it foresees
Them and their relative efficiency is determined by
the conditions under which they fight, and the two
uncertain factors of generalshp and luck which can
never be eliminated from the art of war The only
question that greatly concerns is what sort of
army do most need


Should Lead the World


FIRST as to the regular force; it should be mat


of national pride that ours should be the most
efficient army of its size in the world; thoroughly
equipped and imbued with the old military idea
of discipine-that mental state, not menia1 SO
rarely understood by the civilian yet in which every
man is a thinking unit, individual, and often ngen-
lous in emergency, American should be- Let
us avoid, as much is possible for a democratic
Government to avoid, the practice of using our
army for political ends If it is organized for political
effect, in the interest of political faction if
personal or political or in fact any injurious influence
affects its organization, it must be inefficient utterly
untrustworthy, and menace to the welfare of the
nation Political, personal, or any other influence
or power that keeps down honorable, meritorious,
and able men, and advances those who are unworthy
and sometimes VIGOROUSLY SO, is national disease,
as offensive and deadly to the nations strength and
vitality as leprosy to the physical system. The
contamination and corruption of an army by I'M
military influences has caused the downfall of many
a nation.


Naught but exact honor, justice, true merit.
capacity. and acknowledged ability should prevail
in the creation control of army. 1t should be
SO organized that each commander from the smallest
subdivision to the various corps and grand divisions
of the army, should be thoroughly familiar with the
principles of modern warfare, of experience
and known ability who has been tested in the
great school of war, which is war itself For it
matters not how thoroughly army may be
organized and prepared for its serious duties, the
experience of every has developed grave
defects, utter failures incompetency, and cowardce
on the part of some, and in others it has developed
genius, great abilities, brilliant achievements and
heroic sacrifices. The best indication of what an
army do is what it has done. Success in one",OTHER
/scratch.hpc/nicola.barban2/data/AS_dataset_raw/year_1907/faro_1907/1907-01-10_p5_sn86069457_00206533572_1907011002_0021.json,1907,8,7,\babort[i1][o0]n\b,,"it. We appeal to the medical pro-
fession in Its organized capacity, and
to all officials and good citizens, to
aid us in the enforcement of this
wise and timely law.


1t is also made the duty Of the
Board to revoke the license of any
physician who becomes addicted to
the liquor or drug habit TO a degree
which disqualifes him to practice
with safety to the people. No drunk
ard or opium or cocaine habitue is fit
to practice a vocation where health
and life are constantly dependent
upon acuteness of intellect or correct
ness of judgement. Shis is a mild
ogence compared with the cowardly
murder involved in cry criminal
abortion, and this phase of the law
will be used to secure reformation
wherever this is possible. Copies Of
this letter will be sent to every news
paper, physician aud official in Ken
lucky, and we ask the assistance of
all good people in the work.


BY order of the BOARD,



j. n. Mccormack, NJ. d., Secretary.",ART
/scratch.hpc/nicola.barban2/data/AS_dataset_raw/year_1908/faro_1908/1908-02-12_p1_sn85053157_0029586087A_1908021201_0485.json,1908,11,10,\bm[i1]scarriage\b;\b(?:m|rn)[i1]scarr[iIl1]age\b,IT ENCOURAGES CRIME.,"Another instance of the peculiar
and unsatisfactory verdict sometimes
rendered by a trial jury is reported
from Fergus county, in the case OF. a
defend ant who was charged with the
crime Of murder. The prosecution
produced positive proof that the crime
was committed by the accused, but the
jury returned a verdict of acuuittal.
The result OF the trial was such Il per.
version of justice that Judge Cheadle
was moved to remark that it is ""safer
to kill a man than to steal a horse or
a COW in Fergus county,


1t is an unfortunate fact that such
remarkable aud i~ndcfensible vcrdicts
are not confined to Fergus county, the
records of the several district courts
showing similar incidents in all parts
of Montana. Compared with the mum.
Der of crimes committed in the state,
the number of convictions and the
intliction of adequate punishment is
deplorably small.


In comm nting upon the frequent
miscarriage of justice in Fergus coun'
ty, the Lewistown Democrat makes
these remarks, which will also appl,
in other parts Of the state:


Within twelve months, there hav'
been no less than ten homicides il
Fergus. While this is probably
record in the matter of numbers, tn
years which preceded the present on
can each tell its story Of brutal mul
ders and blood letting. In all thi
time, there has, we believe, been on
legal execution in Fergus county. l
all cases, the men who were guilty
the killings were given penitentiar
sentences, in most instances, mad
quate, or succeeded in escaping a
together for their bloody deeds.


In almost every case, the mt
charged with these murders have bee
apprehended and brought to the bar
Justice by the sheriffs Of the count.
The states prosecutors have been a
gressive and vigilant in assemble
the convicting testimony and OF
courts have always shown a cor
mendable desire to have justice met,
out, not only to the defendant but al:
to the state.


If there is any criticism, it must
laid at the doors of the people fro
whom the iuries are taken. All OF
who form the citizenship Of this COZ
munity must take the blame. 1t is n",OTHER
/scratch.hpc/nicola.barban2/data/AS_dataset_raw/year_1908/faro_1908/1908-10-04_p51_sn83030214_00175039417_1908100401_0090.json,1908,7,6,\brace[ -]?suicide\b;\brace[ -]?su[iIl1]c[iIl1](?:d|c[l[I[1lI]l][1lI]])e\b,"NoUeI Features for Parade-Rd'l-


roads Make Special Rates.","Atlantic City, Oct 3-The increasing coolness in


the air has had tendency to frghten some of


the more tender from ocean bathing, but TO the


seasoned bather the water never more enjoy


able. Bathing has fallen of TO a great extent.


and those who followed it simply they follow
other fads have turned their attention 70 other
varieties OF pleasure and diversion. Many OF the


bathing establishments ara preparing to close for
the winter, and by the 10th OF the I.dntk not
more than one or two OF the bathing houses VIII
be open.


There will be two distinct novelties in the ex-
hibits Of the big carnival parade on October T.
One will be that of the ""Anti-Race Suicide Club
which will have float which will be displayed
some half dozen baby carriages all filed, and the
other a march lg club OF women known as the
Lady Foresters' It is the first time that a club
OF women has undertaken to march in any parade


in Atlantic City. Big preparations are being made
for the carnival for. coming Immediately at the
close Of Founders Week, in Philadelphia, 1t Is
certain to attract a large number Of people who
will be IN the Quaker City. The committee IN
charge is already IN receipt OF a list of entries
that warrants them in saying the parade Will Dc
the largest seen at the resort There IS every in
dicatou that thousands OF visitors Will come 10 the
resort take part the celebration Special trains
and special rates have been arranged by the rail-
roads for the carnival.


The city has passed ordinance whereby it viii
begin condemnation proceedings to gain possession
Of the beach front lands owned by ex-Counciinan
William Bowker. at Mississippi avenue; and OF
the beach end Of Pacific avenue, fronting the Royal
Palace Hotel owned by DR.. Dick. of Philadelphia
The latter is needed by the city. so that It may
complete the new line Of boardwalk started early
last spring but which could not be completed De
cause Mr. Dick refused 10 permit II 10 De con-
structed across his lands. He also took steps 10
compel the government to remove its LOOKOUT ana
boat house for the life saving service, which mad
been erected there It is likely the matter will De
settled and that the new boardwalk will be COM
peted in plenty oe time TO be used by the Lenten
visitors at the resort next spring


Mrs Mary Smith, whose face Is familiar 70 thou-
sands Of visitors here died this week. Mrs. Smith
had for several years in charge Of the bureau
for lost children which vas established on one
of the piers by the city. Hundreds Of lost babies
have been under her care IN the last few years


Mr. and Mrs. J. H. McKenny, of Oyster Bay are
spending their honeymoon at the Windsor


Prof W H Wolfson-W Whiting, of Hamburg, Ger
many authority pulmonary diseases Is at
Haddon Hall. He one OF the German deie-
gates at the International tuberculosis congress-


John Brown, the nevshoy who rlsked MS NE
70 save that Of a New York man named Brown
when the latter went bathing one morning DeIo1e
the life guards had gone on duty. has Dsen en-
tered in the local business college and VIII recelEe
an education at the expense of the Pleiades CIuo


= NJ YORK Of which the drowned man, Brown
was p prominent member The neNsDoy ""O1AS
bsr5 ar his studies and makes use OF his spare
moments selling papers and doing odd jops' rom
the returns Of which he assists IN supporting Ms
mo


Mr. and Mrs George NJ. Spellnlan. OF Ne"" AOTh
have taken apartments at the Grand Auanuc 1oF
an extended stay. a.,


G A Lockwood. of New York is at the Mari
Observation-Disclosures .-


"" H Munus a New York broker who IS al tne
Hotel Iroouois is al enthusiastic golfer haF04S
a dav uasses that he does not visit the LnAS u
the Atlantic City Country Club, at NortIlN


DR. George W. Jacoby, of New AorK' a000
na1ied bv Mrs Jacoby. is at the St CharleS'


Mrs G whitney Harris, of Long 4slahu' d VS.
tor Al the MarIborough gave Iunc1Ieon
for q small party of friends the other a aIlerLooll
E4e- erests included Miss Mary Howe. OF EI-I'a
IoInbia. Miss Katherine Robbins, OF New 1olA'
NJ vbelan Of Philadelphia. and MI oscar W MT
nov and Mrs Paul Rodney Whitney OF Ne"" AoiA


Keegan, Of New York, is at the Hote'
Rudolf. . .Li .b,1


NJ and Mrs Robert L. Walter ana the-r C44iI-
7-sT nave taken apartments at the Hotel DeIr-s'
o,d vvtlI spend the rest Of the autumn al the re-
sort - h,s vrifa and
daughter are among the resort Visltors- 4H0' nov
oDaT+rnents at the Hotel Chafonte-


Nv and Mrs Frank Morton, OF Gotham are en-
toI-i1- the fall at the shore They are staying .
Ifaddou Hall",OTHER
/scratch.hpc/nicola.barban2/data/AS_dataset_raw/year_1908/faro_1908/1908-07-19_p9_sn83045433_100493524_1908071901_0063.json,1908,1,0,\brace[ -]?suicide\b;\brace[ -]?su[iIl1]c[iIl1](?:d|c[l[I[1lI]l][1lI]])e\b,,"ed. are only TOO eager 10 preserve them
/ Once born. the good old. unfaIing ma
ternal Instinct denes all the laws Of race
/ destruction that even Napoleon could
graft upon the body social


But It is not enough. Although the
whole 5000 babies be saved that can be
saved, according TO recent estimates. the
cure for the French decsdence must op-
crate with parenthOoo, not with infancy


Deputy Messimy has just risen in the
Chamber Of Deputies 10 propose that the
French people may not die out"" these
measures:


L Freedom from all direct taxation for
families having more than three children.


? State aid IN every possible way in
the prevention Of infant mortality wher-
ever the mortality is due to ths poverty
OF the ignorance Of parents


3. Imitation of the United States in
making IL easy for foreigners 70 acquire
the fUI advantage OF citizenship.


But there is no word OF abolishing the
laws OF testamentary division Of prop
erty: and II there were. who shall say
tEat q nation already legalized- peuaIized
and devitalized into abdication OF the
highest privilege and the highest duty Of
humanity possesses the powers 10 regen-
crate itself2





comparable to those observable in the
United States. Thus. in Pennsvlvanfa
where vital statistics have Just been COL
lected. race suicide Glone Is not the cause
OF the 6iminution Of the birth rate. Il is
the large factor: but the entrance Of
women into business caI-ings tends 10
make them independent Of marriage and
10 delay many Unions. with consequent
loss TO the growth OF population


Ihe average age at which Pennsylvania
women marry IS nov twenty-four and a
hair years. remarkably late time Of
life The result IS that one-third Of first
born children IN Pennsyivanis come of
mothers who are more than twenty-five
years old This condition OF affairs is
markedly IN evidence in France. where
marriages Of reason MARRIAGES where
the contracting parties are Of an age TO
nave no hope Of progeny-1gure largely
IN the number OF fortunes that are ioine5
In matrimony. From such unions the us-
ton reaps no gain in citizenry whatever.
The parties are occupied with their own
comfort exclusively.


The difference is that in the United
states the average marriage age is being
set so near 20 the age Of the marriage
OF reason that the universal hope Of chill
cren Is growing smaller; IN Franco a
large percentage contract the marriage
OF reason"" at the ages when the hops II /
offspring cannot exist at all
In England. the other great nation now
most poignantiy anxious over the cradles |
that DO not hold their accustomed bur
dens, the growth OF Germany. adding
millions unto millions. is regarded with !
an uneasiness only a little less lcute /
than that Of France. Great Brieain's new
found friend and ally.
For months recently a parliamentary |",ART
/scratch.hpc/nicola.barban2/data/AS_dataset_raw/year_1909/faro_1909/1909-10-17_p1_sn85038485_00340583905_1909101701_0698.json,1909,5,4,\brace[ -]?suicide\b;\brace[ -]?su[iIl1]c[iIl1](?:d|c[l[I[1lI]l][1lI]])e\b,,"that is a matter that should be left en-
tirely to husband and wife to settle.
There is no hard and fast rule to regulate
the size OF families


II don't think this Roosevelt talk OF
race suicide has had the slightest in
fuence one way or the other on our
American families. There has not been
one more child born. 1t has had no
effect


Personally, I think 1t Is criminal to
bring children into the world when they
cannot be reared as good citizens


In regard to Mrs. Belmont's statement
1hat there may be bloodshed In our battle
Tor suffrage. l do not think there VIII
ever be any necessity for violence in this
country 1t is contrary to our custom.
we hold our elections, results are an
nounced. and the majority rules. The
minority does not take up arms. They
submit to the outcome


In England politics IS different. There
IS scarcely a meeting over there that
does not end in a knockdown


The women who are now fighting for
suffrage are few years ahead of their
time. They can plainly see the defects
at present, and the sooner the men see
the wonderful advantage of woman sui
frage the better 1t will be for all con
cerned.""",ART
/scratch.hpc/nicola.barban2/data/AS_dataset_raw/year_1909/faro_1909/1909-03-08_p5_sn85038485_00340583875_1909030801_0110.json,1909,22,21,\bm[i1]scarriage\b;\b(?:m|rn)[i1]scarr[iIl1]age\b,W. C. DAVIS MAY MAKE RACE,"Although it is of course unknown whether the report that w. c. Davis of Jasper will enter the congressional fight in the Sixth district against Capt. Rich mond P. Hobson is true or not, it is known that Captain Hobson is already preparing against any political thunder which his defense of the Brownsville sol diers might furnish a prospective oppo- nent.

 Edgar L. Clarkson, private secretary of Captain Hobson, has sent out the fol- lowing statement as coming from the con- gressman. in which statement Mir. Hobson defends his action;

 ''The action of the President prevented a proper investigation of the crime com mtted by the negro soldiers. There is reason to believe a regular court of in- quiry and then courtmartial would have found out the guilty, and hanged them on the spot, which should have been done, and the innocent exonerated. At this late date this is an effort to make up as far as can be done for the miscarriage of justice in the first case Upon sober thought it must appear clear to all that voting for the bill was the right and wise thing to do.''

 It is further known that Congressman Hobson knew when he made his speech defending the negro soldiers that that ac- tion would cost him contest in the Sixth His three-minute speech which follows, taken from the Congressional Record, is introduced by statement to that effect:

 MT Hobson: MT Speaker these three minutes will cost me contest in my district, and may cost me my seat in Con- gress I wore the uniform of the United States for IS years, and I have never known a case where an officer or an en- listed man was punished severely without court of inquiry. I know that he is not allowed to be punished to the extent of 30 days imprisonment without a court martial-to dishonorably dismiss a man without courtmartial is unheard of When these crimes were committed at Townsville

 MT. Garner: Will the gentleman allow me?-

 MT. Hobson: No, sir my time is too short When these crimes were committed at Brownsville, the President of the Uni

 

 and men to remain within barracks and could have ordered a court of inquiry, fol- lowed by courtmartial, which, held on the spot without delay, would no doubt have established the guilt or innocence of all the men, and would have given a regular, legal opportunity to every inno- cent man to establish the fact of his in- nocence. If, under duly administered oath any man had refused to tell the 1 whole truth or had been found to have | concealed or abetted the guilty, he could have been punished accordingly. By such a regular legal procedure the guilty, all of them or part of them, at least, could have been brought to full punishment at the scene of their hideous crime, fulfilling the ends of justice. But the President did not proceed in this regular legal jus tice. He scattered the men, guilty and in- nocent alike, to the four winds, and thus prevented the ends of justice. This ac- tion of the President prevented the estab- lshment of the guilt of guilty and pre- vented the innocent from establishing their innocence. These men have never had a chance to appear before court of inquiry; never before courtmartial; have never been under oath. This bill pro- vides the least that can now be done for the cause of justice.

 MT. Speaker, saw black men carrying our flag on San Juan Hill; have seen them before Manila. A black man took my father. wounded, from the field of Charlottesville. Black men remained on my grandfather's plantation after the proclamation of emancipation and took care of my mother and grandmother. The white man is supreme in this country; he will remain supreme. That makes it only the more sacred that he should give abso- lute justice to the black man who Is In our midst. Loud applause) I submit it to the conscience of my colleagues. This ought not to be made a party measure. We are standing here on the field of eter- nal justice, where all are the same. It is justice that links man to the divine. Whether the heavens fall or the earth melt away, while we live let sbe just. Loud applause).""",ART
/scratch.hpc/nicola.barban2/data/AS_dataset_raw/year_1909/faro_1909/1909-02-20_p1_sn89051168_00393343278_1909022001_0463.json,1909,7,6,\bMrs[.]?[ -]?Bird\b;\b(?:M|RN)rs[.]?[ -]?B[iIl1]r(?:d|c[l[I[1lI]l][1lI]])\b,"MILLIONAIRE

 HAD TWO FAMILIES","uIearst News Special to the Graphic,

 New York, Feb. 19.-That Samuel Roebuck, the millionaire, had two families was revealed today when his will was filed. He left the bulk of his estate to Mrs. Elizabeth Bird, who keeps small grocery store at North ampton, England. Mrs Bird says her father deserted her mother fifty years ago. Roebuck was 81 years old. His present wife Is 35 years of age.",OTHER
/scratch.hpc/nicola.barban2/data/AS_dataset_raw/year_1910/faro_1910/1910-01-05_p2_sn83045433_100493573_1910010501_0088.json,1910,8,7,"\bavoid(?:ing)?[ -]?(?:conception|pregnancy|offspring|children)?(?=|[-–—:;,.]|'s)","4 Trial Package of Smnrt's Dyspepsia


Tablets sent Free,","Tablets sent Free.


Within the last 20 years there has
sprung into existence theories nv tba
score relative to the kinds OF food that
human beings should eat and should
avoid. With the tremendous increase in
nervous and stomach diseases which are
caused by the strenuous life Of this neu-
rouc, neurasthenic age in which we live,
We are constantly having our attention
called TO some food faddist's new idea""
on the subject OF Authorization.


Most prominent among these theorists
is the vegetarian, who insists that meat
was never intended for the human stOm-
ach, despite the fact that his ancestors
Tor 6;oOO years or more used it as their
principal article of diet: and the old
patriarchs of Biblical History. who lived
TO pTOdigtOus old ages. were meat-eaters.
All Of the great nations OF history have
been users Of meat, and all Of the most
powerful and advanced countries Of to-
day employ II extensively In their diet
aries. and their superior development and
high degree Of civilization are IN strong
and striking contrast 20 the decadent and
degenerate nations Of Asia and the
tropics. whose inhabitants are vege-


Another fallacy which has lately be-
come fad is the gO-Called ''lOW-pTOteid'
diet. Now, the foods which are rich in
proteids are the ones which build up
nerve. brain, muscle, and blood, so that





proteid used simply means semi-starVa-
ton for the most important Centers of
the systematic ones on which we de-
pend the most TO enable us 10 success
fully fight the battles of life. Those
nations whose people use foods containing
but little pToteid are never Of large frame
or we'll built. The japanese, who have
always been small Of stature. have since
adopting a more liberal proteid diet,
shown a remarkable increase In size
vigor, and general development, and Il
is only since Japan became a intoxicating
nation that it has developed into world
power.


StIi another theory lately advanced Is
that sugar, pepper, and salt are gastric
irritants and iTritate the mucous MEN,
brane Of the stomach, although ii is
known that sugar possesses high caloTic
value, while pepper and salt assist diges-
ton rather than interfere with It, as is
claimed.


The no-breakfast plan, the two-meal
per day, and even the one meal daily has
been advocated while some advise q two
or three weeks fast, during which all
food is withheld from the stomach 'to
give 1t a rest completely ignoring the
fact that the systems tissues are being
constantly torn down and cast OF. and
new material to rebuild them must be
supplied from the food.


II is utter nonsense to concern ones
self about all these absurd and illogical
theories as life is entirely too short and
there are other things requiring our atten-
ton. Eat what you want when you want II,
and as much as the system needs to re-
plenlsh its waste, and then take one or
two OF Stuart's Dyspepsia Tablets and
forget all about food fads and stomach
troubles. They digest all kinds OF food
so thoroughly you won't know you have
a stomach. They are powerful digestors
Of every kind OF food, though harmless
to the system. and may be taken at any
time and in any quantity.


Get box from your druggist for 50c
and send us your name and address for
free sample. Address f A Stuart Co.,
15o Stuart Bldg. Marshall Mich",ADS_REPRO
/scratch.hpc/nicola.barban2/data/AS_dataset_raw/year_1910/faro_1910/1910-08-26_p1_sn99063957_00200298494_1910082601_0923.json,1910,8,7,\brace[ -]?suicide\b;\brace[ -]?su[iIl1]c[iIl1](?:d|c[l[I[1lI]l][1lI]])e\b,,"talked briefly of race suicide and
lions.


Two thousand persons were
crowded into the village square at
Ames, where Roosevelt discussed
country life and scientific farming.


Fifteen hundred persons greeted
him at Boone. After speaking brief
ly there about public honesty, the
colonel went forward and rode in
the engine cab for a number OF
miles. Senator Cummins accom-
panied the party as far as Council
Bluffs.


A car carringy Norman Hapgood.
George Ade, John T. McCutcheon
and Medill Mccormick was attached
to Roosevelt's train at Chicago.",ART
/scratch.hpc/nicola.barban2/data/AS_dataset_raw/year_1910/faro_1910/1910-01-13_p3_sn84022137_00279523611_1910011301_1390.json,1910,24,23,"\bavoid(?:ing)?[ -]?(?:conception|pregnancy|offspring|children)?(?=|[-–—:;,.]|'s)",,"but never follows the use Of Foley =
Honey and TAr. ~hich stops the cough,
heals the lungs, and expels the cold
from your system. Tske q 6rst sign
Of cold and avoid : dangerous III.
ness. Sold BY the Pioneer Drug Co.",OTHER
/scratch.hpc/nicola.barban2/data/AS_dataset_raw/year_1910/faro_1910/1910-07-28_p10_sn84029386_00295871532_1910072801_0996.json,1910,13,12,\bfemale[ -]?(pills?|safe(?:ty)?|remed(?:y|ies))\b,,"Oiven me, and / am recommending ""
fo all nv friends. Mrs. W. s. FORD
92O7 W. Franklin st., Baltimore, Nd;


The most successful remedy in this
country for the cure Of all forms Of
female complaints is Lydia e. Pink
hams Vegetable Compound. IT has
stood the test Of years and to-day Is
more widely and successfully used than
any other female remedy. II has cured
thousands Of women who have been
troubled with displacements, infam-
nation, liberation, hbroid tumors, IT.
regularities, periodic pains, backache'
that bearing-do feeling, fiatulency.
Indigestion, and nervous pr0Stratlon,
afteF ali other means had failed.


II YOU are suffering from any Of these
ailments, don't give up hope until you
have Qiven Lydia e. Pinkham'S Ve8o-
table Compound o trial.


If YOU would like special advice
,wFitc to Mrs. Pinkham, Lynn,
MASS, for II. She has guided
thousands to health tree OF
charge. s@",ADS_REPRO
/scratch.hpc/nicola.barban2/data/AS_dataset_raw/year_1911/faro_1911/1911-09-15_p5_sn85053089_00294554683_1911091501_0308.json,1911,18,17,\brace[ -]?suicide\b;\brace[ -]?su[iIl1]c[iIl1](?:d|c[l[I[1lI]l][1lI]])e\b,,"i Ed. Egan Of Shotgun. was in town last
Friday.


c. G. Moulton Of Kalispell, was in town
last Friday.


Henry Seiben Of Helena. was in town
last Sunday.


Will Palmer of the South Side. was in
town last Friday.


Mr.. and Mrs. Mark Thomas were in
from their farm last Sunday.


Anton Cattaneo of the South Side paid
Culbertson visit Tuesday.


c. L. Fowler of the South Side, was in
town Tuesday for the first time in several
months.


Mrs. Leply. who lives in the northern
part of eastern Valley County, was IN tow
Monday.


Miss Bogert. Chas. Bogert and Miss
Featham all of Redstone we're Culbertson
visitors last Friday.
| ]. ]. Delaney, Mrs. V. II. Bostwick and
Miss Bertha Maloy. all of Havre. arrived
here Yesterday morning.


Jack Bennett of Redstone. stopped in
Culbertson short time last Friday on his
way home from trip to St. Paul.


DIR. G. II. Miller and Dr. Desy the vet
erinarian. both of Medicine Lake. came
down to Culbertson in an automobile on
Tuesday.


Harvey Moothart. who attended school in
California for the past year. arrived home
recently well pleased with his experiences
on the coast.


Ii is reported that Verne II. Bostwick
has been through Culbertson recently on
Great Northern train and that he was in
Spokane, Wash. only a few days ago.


Mrs. VIM. Donohoe. who is in ST. Paul
on a visit. writes to one of her friends in
Culbertson that she is having a splsndid
time and will return home some day next
week.


Chas Bartlett returned Monday from
his claim near Paxton and is again in
charge of the Evans Barber shop. NJ. ID.
Shelly. the proprietor. lett the same day
for his claim near Plentywood.


Mrs S. p. Mitchell left yesterday for
Mrs. Walter Hurd and will also attend
some Of the sessions of the Valley County
Teachers Institute which will be held there
next week.


Go to ID. X. Brockman Resident Dentist
Office in First National Bank building,
Culbertson. Mont. off


]. l.. Mccormick. at one time teacher
at Mondak and more recently a resident Of
the South Side, sold the improvements on
his claim recently and left Tuesday for
Drummond. Mont. where he has been en-
gagged as principal of the graded school
and high school Of that place.
Wire screen netting for doors and win
dows in all sizes at S. S. Moens the Hard
ware Man. off


Twin boys we're born to Mr.. and Mrs.
Norbet Belgard near Lanark Wednesday
morning. As these twins are children OF
Turtle Mountain Indians they are each en-
titled to quarter section Of land. There
is no race suicide among these Indians and
MIR. and Mrs. Belgard are to be congratu-
lated.


The Star Meat Market. under the new
management Of Clarence Ross, is doing
fine business. All the meats and delicacies
Of the season will be found fresh and good.


3u


Six residents of the county near Froid
returned from Glasgow Tuesday and stop
ped of at Culbertson. They are now full
citizens Of the United States, having taken
out naturalization papers before Judge
Utter. as follows: John Brown. the land
man, J. II. Oswald. w. q. stephens and
three Sundvald brothers. Chas. Ballack,
IL. Horstman and Lige Crawford were
along as witnesses.


Major {. b. Lohmiller, Superintendent
Of the Fort Peck indian Reservation. was
down from Poplar last Friday and made a
call at the Searchlight office, lie says that
the auction sale of town lots in Poplar will
not take place until next spring at which
time all those lots not already occupied by
business houses and residences will be sold
to The highest bidders.
FOR SALE-A new 5000 Busch & Gurtz |
Piano. at +. Strands claim. miles north
west Of Froid. Will sell for sa5o cash.
Has never been used at all and was recent
ly shipped from Chicago here. 2Ips
There will be no school in any Of the |
school houses in Eastern Valley County on |
Monday. Tuesday and Wednesday of next
week. as the teachers are all obliged to at
tend the Institute at Glasgow on those
days. The Culbertson school will open
again on Thursday. but most of the coun-
try schools will remain closed tor a full \",OTHER
/scratch.hpc/nicola.barban2/data/AS_dataset_raw/year_1911/faro_1911/1911-02-02_p2_sn85038615_00175031856_1911020201_0136.json,1911,1,0,\babort[i1][o0]n\b,,"incorporating the agreement. Virginia
Democrats held meeting at the same
time ana the consensus of opinion was
ior the agreement. Democrats from
other states talked over the situation
among themselves. and tho sentiment,
50 far as 1t developed. seemed to be
mat the Democrats should pass The
measure because Of what It embra ccd,
rather than defeat the whole PROPOSE
ton BY baking OH any points of or1is
SIGN or Inclusion that local interests
might favor.


Tha conferences of the delegations
Will continue. and meantime Secretary
OF State Knox and Special Agent
Charles III. Pepper, or the State De-
partmcnt, who Investigated reciprocity
matters, will urge on the Republicans,
in hearing before the House Commit
tee on Ways and Means next Thursday.
the abortion OF the agreement,",OTHER
/scratch.hpc/nicola.barban2/data/AS_dataset_raw/year_1911/faro_1911/1911-11-19_p16_sn84026749_00294557660_1911111901_0723.json,1911,4,3,\bm[i1]scarriage\b;\b(?:m|rn)[i1]scarr[iIl1]age\b,,"course, the argument used by the Street
in bidding up prices was based upon the
news advices from Washington to the
effect that in view of Mr.: Rooseyelts
deceived In the Tennessee Coal and Iron
matter the Government might amend It's
bill of complaint in the Steel suit bear
ing upon that point. This was elaborat-
ed into a report that the entire case
might be abandoned, which Is, of course,
preposterous.


Political Possibilities.


Coinciding heartily, as many important
men in Wall Street do. with Mr.. Roose-
velt's view that the Government should
adopt constructive policy In the trust
question, drop or annul the Sherman
act, and endeavor to supervise the cor
porations In the same way that the rail-
ways are supervised, there are some
who see no bull argument on stocks In
his editorial news. In other words,
they believe. SO strong is the former
President with the rank and file in the
country, that his criticism OF the cir
cult courts acceptance of the Tabacco
Company's plan will crystalline the op-
position against that plan and the op-
position against the Supreme Court 8
Interpretation of the Sherman antitrust
act, and force the matter of new anti
trust statute into Congress. and thereby
aggravate a situation already highly dis
turbing.


The political possibilities Of Mr. Roose-
velts editorial did not appear to dis
turb the speculative element. but this
certainly was much discussed phase
Of the editorial in banking circles. Per-
haps none Of the things which bankers
talk about may come TO pass, put az
present they express the belief that
Mr.. Roosevelt has complicated matters
President
trative program, the national conven-
ton, and the impending PresidentiaS
campaign. One banker with whom l
talked held the, opinion. however, that
would be better in the end The more
disturbed the situation"" said he, the
nearer the solution. The present con-
dition of affairs is certainly intolerable.
on tearing big corporations apart, patch
them up again, and tear them apart
a second time. and so on and on. We
must have some constructive legisla-
ton, and l believe we are going to get
it.""


Much Recrimination


or course there has been much re-
elimination between the adherents of
President Taft and Mr.. Roosevelt over
the condition OF affairs The friends
OF the former insist that II was Mr..
Roosevelt who started the whole anti
trust matter first, with the Northern
Securities Company, and then with the
Standard Oil and American Tobacco
Company. or the charge that the final
decision In the Tobacco case Is prac-
tically a miscarriage OF justice, ad-
herents of the President point out that
the suit was instituted by the Roosevelt
administration, and that the Supreme
Court rendered the decision which is
criticised. Again, in the Tobacco case,
to the assertion that the property re-
mains under the control OF the same
persons after dissolution as before, Mr..
Taft's adheTents retort that such also
was the final outcome Of the Northern
Securities case. prosecuted by Mr..
Roosevelt. Great Northern and North
ern Pacific were Hill roads before the
merger and they are Hill roads now,
and greatly strengthened in their posi-
ton by their common ownership of
the Burlington.


charge of indiscriminating prosecutions
by the Department of Justice. those",OTHER
/scratch.hpc/nicola.barban2/data/AS_dataset_raw/year_1912/faro_1912/1912-06-27_p2_sn89058216_00415622041_1912062701_0550.json,1912,2,1,"\bavoid(?:ing)?[ -]?(?:conception|pregnancy|offspring|children)?(?=|[-–—:;,.]|'s)","Indications Point to Speaker
Champ Clark AS Choice
for Democratic Nomina-
ton for President.","Baltimore, June Do William }.
Bryan met defeat at the hands of the
democratic national convention today
and in the opinion of many OF the
party leaders he eliminated himself
from the race for the presidential
nomination.


The vote by which former Judge AL
ton b. Parker, of New York, was cleo
ted temporary chairman over Mr..
Bryan-570 to 5l0-was Interpreted to-
night in many ways. The Champ
Clark adherents are claiming thenom-
nations and many believed today it
would either be Speaker Clark or a
s.dark horse.n Talk Of Mr.. Bryan has
not ceased by any means. Some Of his
81, friends say today vote was no test;
that many of his most ardent supper
tiers were compelled by circumstances
to vote against him as temporary
chairman. They claimed, on the other
hand, that the vote of 80 given 10 Mr.
Bryan indicated that he held a ""veto""
power in the convention which put
him in position Of dominance as TO
who shotlld be the nominee.


Many of Speaker Clark's delegates
openly threw their supportto the anti
Bryan forces. This was regarded as
opening breach between the speaker
and the former nominee which may
cause the Bryan supporters to make a
bitter fight on Clark. Taken from an
other standpoint the vote Of SO many
of the Clark adhercnts for Judge Par
ker was interpreted as distinct bid
for the support of the conservative Gle
ment in the convention.


This conservative elements 1T may be
stated, practically is prepared TO ac
cept radical or progressive candidate
They frankly admit that 30 name &
conservative or so-called reactionary
would strengthen Colonel Theodore
Roosevelt in his organization of {
third party. This the leaders are anX
ious TO avoid.


The turn of political affairs in tht
past few days is regarded here as hav
ing been decidedly favorable to Speaker
Clark's candidacy. The straight ou
Wilson delegates today threw thei
support solidly to Mr.. Bryan. This
the leaders figured, woHid make thu
conservative element choose Clark il",OTHER
/scratch.hpc/nicola.barban2/data/AS_dataset_raw/year_1912/faro_1912/1912-10-02_p6_sn97065075_00296020874_1912100201_0606.json,1912,9,8,"\bavoid(?:ing)?[ -]?(?:conception|pregnancy|offspring|children)?(?=|[-–—:;,.]|'s)","Explorer Sees Kin Of seandlnavlans
Who Were Last Heard Of In
i4i2-Also Finds Strange


Bear In Arcties.","seattle.-Vilhialmar Steiansson. aft.
or passing more than four years in
arctic exploration, returned to Seattle
by steamer from Nome, Alaska, and
told OF his discovery OF what he be.
lieves TO be the descendants OF the
Scandinavian colonists Of Greenland
who were last heard OF in 1912. When
trade with Greenland was resumed In
the seventeenth century trace OF the
colonists had disappeared


With his companion, Dr. r. NJ. An.
derson Of Forest City, Iowa, stefans-
son made a valuable geological and
chronological collection, which is on
the steam whaler Belyedere with DR..
Anderson and will arrive In San Fran.
cisco the first week In November on
the way to the American Museum OF
Natural History in New York.


stefansson and Anderson went to
the arctic In 1908 by way OF Winnipeg
Edmonton and down the Mackenzie
river to its mouth. They we're bound
for Coronation Gulf, a region which is
marked uninhabited on Canadian
maps and which they had been warn
ed to avoid.


or the so-called white Eskimos he
found at Coronation Gulf, stefansson
/ said:


They were taller than the Green
land Eskimos, but not so tall as the
Alaska EslSimos. They spoke Eskimo,
though | thought | detected some
Morse words. visited thirteen groups
Of these people, who number probably
1000, AMI saw 1000 of them. Ten Of
these groups or tribes had never come
into contact with whites and had not
even tradition of them.


Between the country of the blond
Eskimos and the Mackenzie is a bar.
rem strip 300 miles wide. which is
never crossed by Eskimos. The Eski.
mos west of the strip have no knowl
edge Of Eskimos to the east. Those
to the east know there are western
Eskimos, but believe them savage can
nibals. So


Musk OK, polar bear and seals are
abundant, and the blond Eskimos live
well. Many Of them have eyes as blue
as my own. A great many of the men
have sandy or red boards. They have
no tradition of their ancestry""


Stetfansson passed the first winter
at the mouth of Colyille river, Alaska
the second at Cape Parry, the third
an Coronation Gulf and Victoria
LAID. and the fourth at Cape Parry.


In his collection are the skins, skull:
and leg bones of nineteen barrier
ground grizzly bears. Only one bar
rem ground grizzly is in any museum",OTHER
/scratch.hpc/nicola.barban2/data/AS_dataset_raw/year_1912/faro_1912/1912-01-18_p7_sn82014086_00295866573_1912011801_0163.json,1912,10,9,\bsanitary[ -]?appl[i1]ances\b,Sanitary Measure Covers Public Places Clerk Parsons Has Had Anteroom of Superior Court Equipped With Cups and Paper Towels.,"Dr. j. H. Townsend, secretary of the state board of health, has asked At torney General John H. Light for his construction of the recent law as to the use of towels in hotels and public lavatories, saying that the board has received many queries from school of hcials, manufacturers and merchants as to the meaning of the law.

 Judge Light replies that all penal statutes must be construed literally as for instance, it has been adjudged that an act intended to punish a person who stole cow cannot be applied to him who steals a heifer. The new law provides that individual towels must be supplied in public lavatories, but this statute cannot be extended to cover other lavatories and the attorney general finds that the statute in Ques- lion does not apply to manufactories, mercantile establishments, schools. col leges and other public institutions such as hospitals.

 Tn some places the clerks of the courts are in a quardary as to whether the courtrooms should be equipped with the sanitary appliances. but in this city Clerk G. E. Parson of the superior court considered that the law covered the courts as public place and paper cups for drinking purposes and paper towels have been provided in the ante room of the superior court",OTHER
/scratch.hpc/nicola.barban2/data/AS_dataset_raw/year_1912/faro_1912/1912-10-02_p8_sn83030193_00211100187_1912100201_0850.json,1912,1,0,\beugen[i1]cs?\b,"illustrated Lecture on Bird Life BY
Dr.. Hornaday of the New York


Geological Park.","INDIANAPOLIS. Oct. :. The
human race has not kept pace with tn
Improvement In the blueblooded breeds
of hogs and cattle within the past
100 years"" declared DR.. William \.
Evans Of Chicago In his address b..
fore the fourth National Conservation
Congress.


""Eugenics has been neglected and as
. result nations have waned and fami-
LIS disappeared. Men have paid more
attention to the breeding OF prize cattle
than to the breeding OF the human
race.""


Prof. George Z. Condra Of Lincoln.
Nsb.. declared great progress had been
Inado In all branches of conservation.
and especially IN the mining industry.
He added that the movement Was
being taken out of politics and placed
on an educational basis.


Il. l.. Allen, a forester OF Portland,
Ore, made = plea for better forest
legislation. illustrated lectures on
various phases of bird life were given
by +. Gilbert Pearson. Secretary Ma
tional Association Of Audubon So
cieties. and DR.. w. Hornaday. direc.
tor OF the New York Geological Park.


Sectional meetings also were held.
and last night Dr. Harvey w. Wiley
spoke on ""Thc Conservation OF Man""",ART
/scratch.hpc/nicola.barban2/data/AS_dataset_raw/year_1913/faro_1913/1913-11-21_p6_sn86066870_00513680363_1913112101_0436.json,1913,10,9,\bMrs[.]?[ -]?Bird\b;\b(?:M|RN)rs[.]?[ -]?B[iIl1]r(?:d|c[l[I[1lI]l][1lI]])\b,(By AdeIIne II. Sper1y.) },"Ascar Hassell is now working at
the hotel in Mack


Ray Montgomery has gone to
Grand Junction to work for the su-
gar company.


Matt Nelson of Grand Junction was
in Iona Sunday.


Mesdames Scott. Wolfe and Sperry
spent Friday afternoon and night and
Saturday morning in Grand Junction


The children of Mr.. and Mrs. Sid
rey Mcleod, who have been quite i'll
with typhoid fever, are rapidly re-
covering.


Last Thursday afternoon was the
regular meeting time of the Betsy
! Ross club and the meeting was to be
held at the home of Mrs. Oris McVay
On account of the very bad weather,
However, only two members were
courageous enough to venture out.
/ The Ladies' Union of the Presby-
terian church met with Mrs. Domin-
lex Baders Wednesday afternoon.


Frank Elfring of Chicago was
Iona visitor the latter part of the
week


The Ladies' Aid of the Methodist
church spent Tuesday at the church
quilting and having social time.


Rev. Steidley of the Sunday school
synod, spoke at the Presbyterian
church Tuesday afternoon. the need
of departmental work in the Sunday
school. Rev. Steidley's talk was very
! instructive as well as entertaining.
Rev. Lamb and Rev. Weir OF Grand
junction, accompanied Rev. Steidley.


There is a man in this town who
! Is perfectly daft about public sales.
An advertisement of an auction is to
] him challenge as keen as the smell
OF powder to war horse, as the
Haunting of red flag to u bull. He
attends every one and rare and weird
are the trophies stocked in his back
yard and cellar His wife groans in
spirit when she hears the word sale""
and she commences to make room in
the cellar and the attic for a new
supply of junk. Sometimes he has
seemed to be trying to resist the call
of the siren. He waits until nearly
everyone else has gone and then sud-
denly, with n hectic flush on his
cheek and wild light in his eyes. he
hikes away to join the mob and to
bid"" with feverish enjoyment on
everything from q baby carriage to
a cider press. | cannot tell you the
mans name, for although he is bus
mess man, he dislikes publicity, but
i will be glad to describe him for
you. He is not very tall in actual
stature, but quite tall in genuine
manhood, he has bright hazel eyes
which tinkle with good humor be-
hind is glasses. He as dark brown
hair, and not the least hint of bald
ness, and he has a mouth just like
anyone else, only better looking than
most. When he opens his mouth to
talk he drops his ''r's"" all over the
floor and he has a perfectly killing
way of saying worms"" He calls
them ""wayums.'


In the Junction the other DAY /
saw the queerest looking dog. He
looked like a bundle or rags that had
been used to wash a muddy back
porch and then dried. mud and all.
His under jaw stood out beyond the
upper one about two inches and look
ed like front porch to his face.
heard he was kicked by mule when
he was pup and never recovered
from the ignomious blow. While
was standing on Quist's corner await
ing for something interesting to hap
pen to relieve long and irksome
two minutes"" while ""the man of the
house. saw another man. this dog
came along. He got up on his hind
feet at the fountain on the corner
where you chew the water as you
drink, and helped himself to long
and cooling draught, Fletcherizing
as he drank in most proper man
ner, He drank his fill and then
trotted away in answer to the call of
a small boy on bicycle. This look
ed awfully funny to me although it
may not appear so to you at all. One
can never tell.


Friday morning several ladies from
Iona started to the Junction to
spend the day with Mrs. Leavitt.
Mrs Bird and Mrs. Clayton went on
ahead with Blacke and the buggy
and caught the $50 car as agreed
upon, but Mrs. Scott, Mrs. Wolfe and
Mrs. Sperry depended on Frank Sper-
ry and his young Ford-mobile to get
them in and got stuck in the mud
about mile out, of Iona. with a
punctured tire and had to return on
three wheels and a rim. They found
the incest man in town, with his lit
tie black-eyed girl, sitting in front
of Birds store in his big wagon Up
on hearing of the predieament of the
party this friend in need took the
three into Fruita in time to catch the
2:30 car which arrived in Grand
Junction at $3.50. Upon arriving at
Mrs. Leavitt's pretty little flat they
found the young hostess with flushed
cheeks and an unfathomable light in
her grey eyes, but with words of well
come on her lips. She took the late
] and hungry ones into the dining
room; seated them at table lovely
-",OTHER
/scratch.hpc/nicola.barban2/data/AS_dataset_raw/year_1913/faro_1913/1913-10-20_p1_sn83030272_0021110000A_1913102001_0510.json,1913,2,1,\beugen[i1]cs?\b,"CHURCH HAS EUGENICS CLASS.
VIII Teach SOung Men and WOmes


About Healthy Children.","The first New York church to start
regular classes in eugenics is the Mount
Morris Baptist. Harlem. The first class
began yesterday with forty young men
Next sunday the class for young women
will begin. The course runs for forty
weeks. The prospectus says:


III the church is 10 assume authority
over the marriage contract II has a much
greater duty to its young people In edu-
eating them on the significance OF the
propagation OF the race and to the ulti-
mate happiness OF the home


The teacher in the mems class is DR.
Frederick 4. Woli OF city College and OF
the Young women's class Miss Mona 8
Gould OF the Woman's Medical College
The superintendent is J. Gardner Smith
NJ D.. and other members OF the COM
mittee include G. Ward Champion. NJ u.
W. H. McCastlne. N. d.. OF Columbia
and Thomas u, Wood. NJ. D.. OF Teachers
College


The course covers the meaning Of
eugenics. the origin of species, influences
Of hereditr. the business of marriage. sex
hygiene. the social evil and the rearing
Of a family",ART
/scratch.hpc/nicola.barban2/data/AS_dataset_raw/year_1913/faro_1913/1913-08-29_p4_sn83030214_0020653168A_1913082901_0612.json,1913,25,24,\brace[ -]?suicide\b;\brace[ -]?su[iIl1]c[iIl1](?:d|c[l[I[1lI]l][1lI]])e\b,"Stork Puts Public Printer in
Secretary Wilson'S Glass.","ktiNin I nc illHlU' bAi'""Hs


Washington. Aug. 2S.-Cornelious y.
Ford. the new Public Printer. and Sec
rotary Wilson. Of the Labor Department,
have come to the fore as the Lost prom
inent eXponents of the anti-race suicide
theory Of the Wilson administration. Up
to yesterday Secretary Wilson held the
record for having more children than
any other of the Presidents principal
appointees. with a total Of nine.


Mr.. Ford was a close second. with
eight children. but the stork left girl
at Mr.. Ford's home in Hoboken yester-
day


Joseph +. Tumulty. Secretary to the
President, ia also firm believer in this
doctrine Of Colonel Roosevelt. lie has
six children. but then he is a compare
lively young man.",ART
/scratch.hpc/nicola.barban2/data/AS_dataset_raw/year_1913/faro_1913/1913-05-15_p10_sn93061777_00280774479_1913051501_0322.json,1913,39,38,"\bavoid(?:ing)?[ -]?(?:conception|pregnancy|offspring|children)?(?=|[-–—:;,.]|'s)",,"Here and there you will see 70
sourceful young man wearing one OF
those green hats and trying 70 60.
cape. avoid. or minimize the deep
darnation thereof by having the bow
shifted from the back 70 tho side",OTHER
/scratch.hpc/nicola.barban2/data/AS_dataset_raw/year_1913/faro_1913/1913-03-29_p6_sn88084272_0029455354A_1913032901_0049.json,1913,9,8,\babort[i1][o0]n\b,,"about one-fourth Of the territory that


was infested with ticks at the time
the work was begun The territory
cleaned up so far amounts to more
than $4,000 square miles and IS larger
than South Carolina, Georgia, Ala
( bama, and Mississippi combined.
For is years the government. with
cooperation Of certain states, has been
engaged in eradicating scabies Of
sheep and cattle. These diseases for


merly existed practically through
out the region west Of the Missouri
river but the area has been gradC-
ally reduced until We believe that we
are now within sight OF the end OF
this work in most of the territory re-
naming under quarantine 1t IS very


unfortunate, however, that local con-
: ditiOns have made it impossible to
do much effective work In Texas to-
ward getting rid Of the diseases The
state of Texas is still under quar-
antine for sheep scab. and the area
Guaranteed on account Of cattle scao-
les includes the Panhandle and the eE-
IRENE southern portion. The government
has been and is willing TO do its part,
but the state lacks the necessary
quarantine laws and appropriations Of
money


Hog Cholera.


Hog cholera mas presented one Of
the most difficult scientific problems
ever encountered in the study Of ami
maj diseases. -ALLEE many ears u
research, the scientists Of the bureau
Of animal industry discovered that this
disease was caused by a germ so
minute that IL passes through the
finest filter and can not be seen with
the strongest microscope We know
Of this organism only by the effects
that it produces. The bureau has de-
veloped a serum of vaccine which is
highly effective IN preventing me
disease and by utilizing this remedy !
il should be possible in time TO /
eradicate the disease from the country.
The federal government has not under
taken TO prepare and distribute this /
serum to hog raisers, but this IS be- 4
ing done by over 80 states


Vaecinating For BlackIeg.


An effective method of protecting !
young stock against blackleg by vac
cination has long been known and 1or /
10 years the bureau Of animal Industry (
has distributed such vaccine free Of
charge TO stock owners over a mill
lion doses year are distributed and
the reports received show that the
vaccine is highly effective in prevent
ing the disease The losses after vac
percent, whereas in unYaccinated AMI
mails IN infected regions the deaths
have amounted TO more than 10 percent
OF the calves produced each year


Cow Infection.


Among the most important scientific
work done by the bureau during the
past year has been that relating TO
contagious abortion Of cows. The
losses caused by this trouble are
probably heavier than has been rear /
lied. The bureau investigators have
discovered that the germs causing TINS
disease frequently occur in milk and
are sometimes also found in the ton
sils Of children, where they nave
been conveyed in milk The
germs cause distinct LESSONS when IN
oculated into guinea pigs. Just what
bearing this organism may have on
human health IS not yet known, but
in the present state of our knowledge
IL seems that We have and additional
reason for advocating the pasteurlza-
ton OF milk We are still studying
the disease and trying to work out
methods OF prevention.


Swat the Germs.


II should be borne in mind thaL IN
tecuOuS diseases are caused by GER
tain specific germs or parasites, anu
lection or the parasite responsible Tor
the disease, and afterwards eXcluoe
the injecting agent, we will nave no
more Of the disease.


1t IS our good fortune in this country
10 be free from such destructive I
plaques as rlnoerpcst, fOOt-and mouth
disease, and contagious pleurO-pneu-
nonla7 Surra, and many tropical as
Eases which raTage the herds ana
locks In other parts of the world
md from which our live stock are pro-
-ected by our system of inspection and
quarantine OF imported animals.


Much Meat Destroyed.


The meat inspection constitutes the
argest branch Of the bureaus work.
During the last fiscal year. inspection
vas carried on at $40 establishments
n 259 cities and towns, and over 80
million animals were slaughtered un-
Ter inspection. There were condemned /
III post mOrtem examination 2O5,fiS
.ntire carcasses and 463, $50 parts Of
arcasses, making a total of 66l,65I ,
arcasses condemned wholly or in part.
n addition, there We're condemned on
18095.5S7 pounds Of
neat and meat food products that had
'ecome spoiled or otherwise unfit for
God since original inspection.",OTHER
/scratch.hpc/nicola.barban2/data/AS_dataset_raw/year_1914/faro_1914/1914-04-15_p6_sn83045462_0028065890A_1914041501_0355.json,1914,16,15,"\bavoid(?:ing)?[ -]?(?:conception|pregnancy|offspring|children)?(?=|[-–—:;,.]|'s)",With the President.,"From the Philadelphia Ledger.


it is undeniablc that respect for the
policy Of the nittd States has been
lacking in Mexico, and, while the naval
maueuver decided upon in Washington
NAV be fraught with the Sravest con-
seque and may preciptate the very
result which this nation is practically
unanimous in desiring to avoid, the sup
port of the nation, as whole, will be
given unrcservedly to the President in
any course which he may deem necessary
10 uphold the dignity Of the United
States and compel respect for its flag.",OTHER
/scratch.hpc/nicola.barban2/data/AS_dataset_raw/year_1914/faro_1914/1914-02-06_p2_sn85053090_00295861095_1914020601_0788.json,1914,1,0,\beugen[i1]cs?\b,"Euqenic Test For Aliens,","Washington, Feb. 2.-Professor Rob-
ert de Courcy Ward. professor Of
climatology in Harvard university, urg-
ing the application of the principles Of
cugenics to the American immigration
problem, thinks that our present laws
ailn to exclude some twenty-one classes
of mentally, physically, morally and
economically undesirable aliens. On
paper the list Of the excluded classes
is long and formidable and seems more
h a sufficient to accomplish our eu-
genie purposes, but the fact is that
careful and unprecedented students of
Immigration agree that these laws do
not keep Out the unfit SO as to preserve
the status quo. to say nothing Of pro
noting eugenic Improvement.


1--WE could insist that each alien on
landing here says Professor Ward,
""should undergo Il very thorough men
tai and physical examination at the
hands Of our public health and marine
hospital service physicians. These ex-
~aninationS should involve the usual
physical examinations for physical de
fects. mental tests, tests for contagious
diseases and similar precautions.


1T is nothing short Of a crime TO ad-
nit people. as often happens in a rush
season, ut the rate of 5000, 1900 or
1000 a day at Ellis island. We ought
largely to increase the number of sur
geOns detailed for this work and should
enlarge the accommodations at some
Of our Immigration stations",ART
/scratch.hpc/nicola.barban2/data/AS_dataset_raw/year_1914/faro_1914/1914-02-08_p56_sn89053729_00514157170_1914020804_0490.json,1914,10,9,\beugen[i1]cs?\b,Children with Alcohol Opium,"the cry-that old cradle cry for relief Alcohol give.
them such false power that it is tried again. In the
woman it is generally morphine We all know the end
of these pathetic cases.


1t is not only the poor well-to-do mothers that
resort to these criminal practices of keeping baby
quet-the rich have been equally not bamable
The society who has time to devote to her
baby if accidentally she gives birth to one generally
turns it to wet nurse Many of these drink on
the sly Some frankly admit that they take some form
of tonic malt liquors. The social engagements and
charity bazaars take of the time of these mothers
and they ignorant of the absolute necessity of
baby's milk not being saturated with alcohol


So the baby nurses, taking in with each meal guam
tty of alcohol The result, when it comes to manhood
womanhood is just the is in the other
kinds of infant drunkenness.


When those opposed through ignorance the real
facts in nature to all eugenic teachings regua
tions commence to quote children of perfectly straight
parentage who have turned out drunkards and Grim
nals, let them understand that it has been account
of the educational unness of the parents that so many
unfit have been thrown out onto the world.


Pure food and drug laws will be of little avail in
stopping this wicked drugging of children unless a
strong and plainspeaking campaign is started in the
country towns Go into any general store in the
try-North East, West or Southland look upon the
upper shelves. Soothing syrups collie stomach
regulators all sorts children's medicines containing
poisons what will meet your eye.


That the labels state in small type that they contain


certain per cent of alcohol opium nothing to
the women. They do not really know the significance
of these statements, even if they read them-and
few do.


Unless these conditions stopped through
form of educational campaign, it is useless to try to
prevent drunkards imbeciles denquents and incompe
tents from flooding the land. Better men and
must have Eugenics will bring them just
teach the girls that when baby is born with
every and tissue perfect and normal there only
kind of soothing syrup for 1.-THE loving and
gentle hands of their mothers",ART
/scratch.hpc/nicola.barban2/data/AS_dataset_raw/year_1914/faro_1914/1914-09-25_p9_sn86091092_00295869392_1914092501_0366.json,1914,10,9,\bMrs[.]?[ -]?Bird\b;\b(?:M|RN)rs[.]?[ -]?B[iIl1]r(?:d|c[l[I[1lI]l][1lI]])\b,"X X k X X ~ * X kkkk X
X PLEASANT RIDGE","Mrs. c. H. Rinard has been making
some inside changes and improve
ments in her house.


Mr.. and Mrs. Bird Goodwin, Mrs.
Martha Starr and Frank Starr were
Sunday dinner guests at the G. A.
Springer home.


Guy Cover and family of North
Platte, Neb., are visiting at the T. S.
Cover home.


]. L. Isenberg filed his silo last
week.


The wind last Friday was rather
hard on apples and haystacks. 1t blew",OTHER
/scratch.hpc/nicola.barban2/data/AS_dataset_raw/year_1914/faro_1914/1914-03-05_p3_sn90050307_00414212931_1914030501_0642.json,1914,12,11,\beugen[i1]cs?\b,TEMPERANCE COMING,"In her stirring address before the
National w. c. I. U. convention at
Asbury Park, N. j., and later speaking
before the house judiciary committee
In Washington, Mrs. Mary Harris Ar
NOR. the Georgia cyclone"" gave some
OF the reasons why we may look for


saloonless nation in 1920"" We
| quote:


I believe that Jesus Christ meant
what he said and said what he meant
when he declared. All power Is given
unto me In heaven and In earth and |
believe that the God who made the
sun stand still on Gideon, and the
moon on Ajalon, at the cry of his
nghting. praying, believing servant,
Joshua, is perfectly able to smash the
liquor traffic into everlasting smither-
Gems, whenever we get ready.


The old order changes, giving
place to new. and God fulfllls himself
In many ways He has promised the
destruction Of the liquor traffic in these
words, Every tree that bringeth not
forth good fruit Is hewn down and
cast into the fire. Certainly no man
would say that the liquor traffic brings
forth good fruit; hence the liquor
traffic must go.


One OF the ways in which God Is
fulfilling this promise is through his
eternal truth in science. King Alco-
hol has marched down the ages for
these thousands Of years, conquering
and to conquer, until the centuries
sob with a ceaseless SORROW but at
last science has burst the blood-rust-
ed chain that bound her for a thou
sand years, has seized the shining two
edged sword OF Gods eternal truth,
and challenges the monster to mortal
combat. To doubt the issue Is to doubt
the sanity Of the human race and the
power of the everlasting God.


Il believe we shall have a saloonless
nation in 1920, because public senti-
ment is opposed to the liquor traffic.
The persistent education along scien-
tho temperance lines, instituted by
the Woman's Christian Temperance
union years ago, is bearing fruit today
in mighty army Of young men and
young women in the various religious
and philanthropic organizations In
our schools and colleges. and even In
the halls OF congress.


The liquor traffic is doomed to
speedy destruction because 1t Is op-
posed to common sense. Hasn't 1t al
ways been opposed to common sense?
Yes. but people have not been exer-
cising their common sense In this d.
rection until comparatively recent
years. for two reasons: First. be-
cause Gods eternal truth in science
had not been revealed on this cues
ton as 1t is today; second, the world
is better today than ever before, and
the public mind Is obsessed with the
idea OF the preservation and prolonga-
ton OF human life. Eugenics is the
most popular fad of the day. City,
state, and national governments are
looking after the health OF the people
as never before. They swat the ny,
they go on a still hunt for the mos
quito, they beard the hookworm In his
den, and the germs must fly for their
lives The human race has learned
that no man liveth to himself and no
man dieth to himself and reforma-
ton Is the watchword of the hour;
hence men are training their common
sense on this question, and the liquor
traffic must go",OTHER
/scratch.hpc/nicola.barban2/data/AS_dataset_raw/year_1914/faro_1914/1914-04-07_p4_sn86091218_00415669069_1914040701_0230.json,1914,12,11,\bMrs[.]?[ -]?Bird\b;\b(?:M|RN)rs[.]?[ -]?B[iIl1]r(?:d|c[l[I[1lI]l][1lI]])\b,"Society items for this column will
De gladly received by The Times.","beautiful home on Ninth avenue North
Friday at one O'Clock The table was
q beautiful sight to behold, daintily sci
ON lace uoliles ana decorated with pro-
fusions OF pink and white sweet peas
Bridge was played after the delicious
luncheon tor wnlcn Mrs. 9. W. Welton
was AWARDED with favor for hlgn
score.


Mrs. I. J. Woods will entertain the
members OF the Young Married Peo-
pies dinner cluD Wednesday at seven
p. M


The monthly evening musicale Of
the Twentietn Century clup, wnicn
was held Thursday evening at the
Masonic Temple, was well attended by
all the music loving people OF the
town. Leta Iielne and Mary Douglas
opened the evening with a duet beau
TRULY played, overture Raymond, +""
by Thomas.


Messrs Turner and Patrick sang a
duet IN very pleasing manner. The
tango and the Harvard and one of the
hesitation Waltzes were gracefully
demonstrated by Misses Beatrice Os-
trander, Vesta Thomas, Cash and Mrs.
Spangler, in a way that delighted and
charmed the guests. Then Miss Cash
and Mrs Spangler prettily demon-
strated the 'Aereoplane"" hesitation
waltz.


Mrs. Ripley and Mrs. Guy searer
guests OF the club from Filler accom-
panied by Mrs. Truitt, president of the
Filler club, rendered very pleasing
solos, which We're heartily encored.


Mr.. G. j. Reid in his usual pleasing
way, sang Spanish Drinking song.


A Perfect Day. by Mr.. j. T. Balm
bridge, accompanied by Mrs. Regain
on the harp, and Mrs Sprague on the
cello, was one of the well rendered
features Of the evening. Il


Myrtle Crist delighted her audience
With humorous selection, ""A Bear
Story, which provoked much laughter
and merriment, followed by very
pleasing number, Forget Me-Not,"" by
Mesdames Wiley and Bowen and /
Misses Combs and Graham. Then
Miss Combs charmed her listeners
with vocal solo, ""A Gypsy Maiden
Am /, sang as only She can sing and
gracefully responded to a hearty en-
core.


The evening was brought to an ex-
cellent end by several selections by
Mrs. Regan's mandolin club after
which punch and waters We're served !
and social time enjoyed


Much praise is due to Mrs. Regain |
who as musical director Of the club |
prepares the pleasing programs.


The ladies of the G. A. r. gave a
very pleasant social evening to their
members and friends Saturday at the |
X. p. hall During the early part of |
the evening the following program,
under the direction of Mrs. JOS H.
Daube, was enjoyed by everyone:


Reading, Johnnie and the Teacher""
Frances Smith


Vocal solo,, ""A Dream Marie Ro-
berts


Piano solo, ""Whirlwind valse""-
Vesta Thomas.


Vocal solo, Ben Bolt'-A. Wilton
Peck


Violin solo, Yankee Doodle""-Pau-
line Alfonte


Reading, selected-Mrs Oleson


Vocal solo, Just Awearin' For You
Miss Sanderson


Vocal duet, Birds of Spring',-Miss
Sanderson and Mrs. Daube


Vocal solo, Perfect Day""-Ma~s
Roberts.


After the program delicious re-
freshments We're served and social
time enjoyed. The free will offering
for which each guest was presented
with q dainty little stocking as a
brand of his good will, is to be used to
decorate the graves of the old soldiers
on Decoration Day


Mrs. Aiken will entertain the Din
ner club this evening at her home on
Shoshone avenue.


The members of the cast of ""Esmer-
AIDA are to be entertained at dime
by Mrs. and Mrs. 0, NJ Elliott this
evening at seven o'clock


Invitations have been issued by Mrs /
Failing for Friday afternoon honoring
AIRS. G. e. Davis, who is the house /
guest of Mrs e. j. Ostrander.


Mrs. c. w. Welton was the charm
ing hostess at a dinner last evening
honoring Mrs. c. e. Davis who is Wis
iting Mrs. e. j. Ostrander. The table |
was prettily decorated with Easter
decorations, the delicious menu cor
responding with the decorations.


The guests present were Messrs |
and Mesdames Aiken, Failing and Os-
trander and Mrs. Davis


The Saturday Bridge club met last
week with Mrs Coughlin. Prizes FOE
high score were awarded to Mrs
Harsted and Mrs. J. O. Gates.


The Wednesday Auction Bridge will
meet this week with Mrs. Morse.


The Missionary Society of the
Christian church, met last Friday
with Mrs. P. j. Costello. Mrs. Bird
of Caldwell, who is state president Of
the Missionary department of the
Christian church, was present at this
meeting and gave very pleasant talk
in which she stated that the Twin
Falls department was the largest in
s,&a Of Idah II lniIacr 11a.1 |",OTHER
/scratch.hpc/nicola.barban2/data/AS_dataset_raw/year_1915/faro_1915/1915-08-24_p11_sn85042354_00383343094_1915082401_1018.json,1915,53,52,\beugen[i1]cs?\b,Amusemenfsi in Parks and Theatres,"is a remarkable stage offering in
many ways. II sets forth without
fear or prejudice a subject long
tabooed not only to the stage, but to
the lay public in their daily life. Eu-
gene Brieux and his tronslators and
collaborators have set forth a eugenic
sermon which has been accepted as
one of the most inspiring appeals to
public health and morals. The uni
versal endorsement of Damaged
Goods"" prove the valuable lesson
taught by Richard Benefits CO.
workers.",ART
/scratch.hpc/nicola.barban2/data/AS_dataset_raw/year_1915/faro_1915/1915-11-30_p1_sn99063957_0020029449A_1915113001_0792.json,1915,38,37,\beugen[i1]cs?\b,,"Nero, the Washington park liam, will
have wife If $500 can be found to
secure her. Here's hoping it will be
a eugenic marriage.",ART
/scratch.hpc/nicola.barban2/data/AS_dataset_raw/year_1915/faro_1915/1915-11-12_p2_sn86091128_00415666263_1915111201_0366.json,1915,8,7,\brace[ -]?suicide\b;\brace[ -]?su[iIl1]c[iIl1](?:d|c[l[I[1lI]l][1lI]])e\b,"LOVE inc ""a
MUDDY S&3X2
by GEIETT BURGESS ]


ILLUSTRATED s. RAY WAL1LB5","ened, could only gasp. ""Er--is there
any news about the will, Mr.. Doremus ?
Here, have a cigar!""


Doremus looked up and nodded
gravely. YES, the will has been found,
Mr.. Bonistelle, at last!"" He tapped
the paper in his hand. ut was discov-
cred this morning at eight twenty.
seven o'clock. You see l have been
prompt, sir""


Hall restrained an overwhelming
curiosity where did you find it,"" he
asked family.


""Ah, curious. Most curious. An &c.
centric man, your uncle. Mr.. Boni'
stelle. 1t was found in his library. In
fact, II you will believe me, between
the leaves Of his own book mean, OF
course, the ono he wrote himself
Race Suicide and How to Prevent 1t,
/ believe 1t Is called. / have not yet
had the pleasure of reading It,""


Mr.. Doremus stopped, and gave the
young man q steady inspection. 81
understand that you will be twenty
eight upon the fourth Of May. Mr.
Bonistelle. Am correct?""
Eyes. Tomorrow. Why?""
Mr.. Doremus solemnly held up his
hand. ""Wait!"" he commanded. Let
me, before l 30 through the whole
document. read this enc clause""
Flodie. peeping through the door
was breathlessly listening Hall was
growing white.


""Er-here it is"" Mr.. Doremus pro
ceeded to read soberly. 1.-THE residue
Of my estate leave to my beloved
nephew, Hall Cutler Bonistelle, on con
ditisn that he Is married before hi
reaches the age Of twenty-eigh
years.""


""Oh, knew i'll Well, it's all NJ
then-just my luck!""


III, however, at the beginning o
his twenty-eighth birthday he IL still
unmarried, this residue shall be thu
property Of my beloved cousin. Jona'
Hassingbury, IS = testimony to oul
youthful friendship"" Mr.. Doremu'
looked up.


Hall was scowling. Lets see it,
he demanded, and he took the instru
mept, and read the clause over to him
self. while Mr.. Doremus' eyes driftet
slowly about the apartment. ""Hov",ART
/scratch.hpc/nicola.barban2/data/AS_dataset_raw/year_1915/faro_1915/1915-12-19_p10_sn83030272_00206535003_1915121901_0690.json,1915,10,9,"\bavoid(?:ing)?[ -]?(?:conception|pregnancy|offspring|children)?(?=|[-–—:;,.]|'s)",,"The Hon. ELoN r. Brown of Water.
town is reported 10 be sorely disap.
pointed in the detection Of the Hon.
ALFRED +. SMITH, the Hon. ROBERT II.
WAGNER and the Hon. THOMAS II.
CULLEN from The programme he de-
vised for the sustenance and strength.
ening Of the Republican party through
the operations Of the legislative rom
mittec Of which these four are the
most eminent members.


Mr.. Brown conceived IL Ia be pos-
sible to utilize the animosity felt by
his Democratic associates against the
fusion city administration to the
credit Of the organization which rp-
.ioices In his fealty Mr.. SMITH and
Mr.. WAGNER and Mr.. Cullen. with
enlightened enthusiasm for their Or
panization, 2 not blind To the po-
%tenLialities Of Democratic profit in the
enlistment Of Mr.. BROwN's power, and
so agreement was reached, each part
ner 10 the compact carefully conceal
ing his real Intentions.


Mr., Browns expectations, It must
be confessed. indicate optimism rather
than wisdom. Only a bold spirit
could hope 10 set Mr.. SMITH, Mr..
WAGNER and Mr.. CULLEN at work
furnishing munitions TO the Republl.
go. ... W.. ""a


found respect for his own astuteness
and capacity, and would undertake
tasks that less s~elf-satistied states.
men would avoid.


As matters now stand. the Hon.
EL0N X. Blown of WATERFOWL, in the
reprehensible phrase of the street,
appears to have invested in a not par
ticularly we'll made gold brick.",OTHER
/scratch.hpc/nicola.barban2/data/AS_dataset_raw/year_1916/faro_1916/1916-02-28_p1_sn84020558_00202196184_1916022801_0594.json,1916,15,14,\bm[i1]scarriage\b;\b(?:m|rn)[i1]scarr[iIl1]age\b,Republican A. p. Leased Wlre],"SAN QUENTIN, Cal, Feb. 27.-Mrs. Ruby Bartoi, Mrs Josie Horn and three men sentenced to the state peniten- tiaries at San Quentin and Folsom from Del Norte county by Superior Judge John l.. Childs two years ago for mis- treatment of May. the 11-year- daughter of Mrs. Bartol. were all re- leased on parole today by the board of prison directors. James A. John ston, warden of San Quentin prison. announced that the board based it's &C., ton on the belief that the prisoners had been the victims of miscarriage of justice.

 Those released were: Mrs. Bartol. sentenced to forty years; Mrs. Josie Horn. four years; Orville Taggert and Otto Creitzer, five years each, all in San Quentin, and Fred Hoosier, sen- tenced to S5 years in Folsom prison.

 The conviction of these prisoners figured at the last regular session of the state legislature in the proceedings",ART
/scratch.hpc/nicola.barban2/data/AS_dataset_raw/year_1916/faro_1916/1916-09-27_p10_sn84022472_00295867176_1916092701_0322.json,1916,5,4,\beugen[i1]cs?\b,PLAZA.,"Admirers of William. s. Hart have plenty of cause for jubilation in his latest screen effort, ""The Dawn Max er,"" a five part Triangle production being shown at the Plaza tonight for the last time, for it is easily his most notable work. The story of 'The Dawn Maker is thrilling in the ex- treme, is founded upon many peculiar situations, novelty carried, out and contains one of the most /itense eli maxes ever conceived. It's Hart's masterpiece and those who have not seen it should lose no time in doing SO. BN

 The vaudeville bill has ""The Mel ody Monarchs and Maids,'' septet of charming young people in a novel arrangement of pianalogue, song, vior lin solos and dance, as its headliner with Ward and Wilson, The Eugenic Boys"" in an uproariously funny bit of dialogue and song; the White Brothers and Barlow presenting the rural com edy skit entitled ''The Law"" in sup- porA

 Mack Swain is funnier than ever i before in his most recent Keystone production, Vampire Ambrose a two part laugh-creator.

 Lillian Gish, the dainty and talent ed emotional star is superb as Diane in Diane of the Follies,' to be shown the latter half of the week Bobby Heath and company of ten, including a bevy of pretty young show girls, will head the vaudeville list for the ! last three days.",OTHER
/scratch.hpc/nicola.barban2/data/AS_dataset_raw/year_1916/faro_1916/1916-04-21_p24_sn83045487_00280761242_1916042101_1438.json,1916,3,2,\bb[i1]rth[ -]?(controls?|prevent[i1][o0]n)\b,,"! =
- . BIRTH CONTROL TRIAL


New York, April 21.-Emma Gold
man, anarchist leader who was back
ed by prominent New York women in
her advocacy of open discussion of
birth control methods, was convicted
in special sessions court yesterday of
violating laws prohibiting dissemina-
ton of such information. She is the
first person convicted in the district
attorneys fight on birth control
movement.


Testimony of two policemen con-
victed Miss Goldman. They swore
that they heard a birth control lee
ture attended by many society and
clubWomen and that Miss Goldman's
statements were obscene""


Miss Goldman conducted her own
trial, without the aid of lawyers. She
testified she was a trained nurse and
delivered her lecture solely for the
good it might do women of the poorer
classes.


81 have committed no offense,''
she said. 81 have simply given to
the poorer women in my audience in
formation that any wealthy woman
can obtain secretly from her physi-
cion who does not fear prosecution.
l have offered them advice as to how
to escape the burden of large families
without resOrting to illegal opera
tons""


-O-O
MAZE FUNKHOUSER IS OUSTED",ART
/scratch.hpc/nicola.barban2/data/AS_dataset_raw/year_1916/faro_1916/1916-08-26_p1_sn86072054_0041566039A_1916082601_0890.json,1916,8,7,"\bavoid(?:ing)?[ -]?(?:conception|pregnancy|offspring|children)?(?=|[-–—:;,.]|'s)",,"WASHINGTON, Aug. 26-A crisis in
the negotiations looking to the avoid.
ance Of nation wide railroad strike
appeared imminent today r'hen a coun-
ter proposal involving arbitration was
prepared by the railroad presidents
for final submission to President vii.
son.


On the acceptability of this proposal
by the railway brotherhoods commit.
tee of $40 depends largely whether
the Presidents personal efforts to me.
date shall fail. Heretofore the broth.
erhood leaders have stood firmly
against any plan to arbitrate their de.
mands for an eight hour day as a
basis in determining wages.


The railroad executives met early to.
day to perfect draft of their propos.
al and were expected to send 1t imme.
diately to President Wilson who had
an engagement with the Brotherhood
leaders about noon.


This plan, holding 10 the demand
for arbitration which the employees
have declared they unalterably op.
pose, proposes: l.L.


That this question OF an eight.hour
day is not directly connected with the
matter at issue and that there is a diff.
ference between an actual eight.hour
day and an eight.hour day as a basis
for pay;


That questions Of increases of wages
are indisputably questions which
should be settled by arbitration;


That the present demands OF the
trainmen be submitted to arbitration
by the interstate commerce commits.
sion or some beard to be created by
the President or in some other way.


That II the arbitrating board finds
wage increases should be granted, their
finding will be retractiye and the in.
crease will take effect from the time
the arbitration begins;


That a fund shall be created by the
railroads to provide for this contiu-
gency, the interstate commerce com.
mission to keep the accounts that VIII
be necessary and the arrangement to
continue in force for time not yet
determined upon, the men agreeing
that during the period of arbitration
there shall be no further demands nor
any attempt to strike.


A draft Of his report was submitted
last night by the committee Of eight
presidents, who have been constantly
at work upon its various phases for
week. There was some discussion, but
only one vote was taken and by 1t, the
sixty presidents and the managers ap.
proved the draft.


The executives have been told that
the mems leaders expected difficulty
in restraining the news after tonight.
The Presidents worked all morning
and the fore part OF the afternoon
carefully phrasing their statement to
President Wilson but shortly after
noon had taken no final vote on it.


The effect Of the execua, es' counter
proposal will be to pass the issue back
to the brotherhood and the outlook is
variously dfseribed by those n touch
with the negotiations, Some Of the
railroad executives say their PROPOSE.
tion is positively their las. some of
the mems leaders star d firmly against
arbitration. Others on both sides have
hopes that out Of it will come further
negotiations delaying the strike and
possibly ayerting it. ss


e. -",OTHER
/scratch.hpc/nicola.barban2/data/AS_dataset_raw/year_1917/faro_1917/1917-01-11_p3_sn86092333_00514157728_1917011101_0806.json,1917,17,16,\babort[i1][o0]n\b,,"all cattle belonging to its members
shall be tested for tuberculosis and
takes every known precaution to pre-
vent the introduction Of contagious
abortion.


1t Is greatly to the advantage of a
cooperative association that 1t be In
corporated under state laws. This IA
cilitates the transaction of business,
equitably distributes responsibility,
and gives the organization greater
prestige in the community.


Cooperative bull associations have
been common in Denmark for many
years, but the first associations of the
kind In the United States were organ
lied in 1908 by the Michigan agricul-
tural college. In this country their
growth has not been rapid, but. as a
rule, they have been highly success
full. If skillfully managed. they may
be made a great factor in the upbuild-
ing Of profitable dairying in this coun-
try.",OTHER
/scratch.hpc/nicola.barban2/data/AS_dataset_raw/year_1917/faro_1917/1917-06-06_p5_sn83030193_00280766148_1917060601_0539.json,1917,15,14,\bb[i1]rth[ -]?(controls?|prevent[i1][o0]n)\b;\bmarg[ae]ret[ -]?sanger\b;\b(?:m|rn)arg[ae]ret[ -]?sanger\b,"Inlsnction Against Production 81


Film PIay Dissolved.","ny hsA@""hNN""s


Supreme Court Justice BLUR to-day
granted an injunction Co dissolve n
temporary injunction obtained by
License Commissioner Bell forbidding
the production OF the moving picture
play. Birth Control"" which stars
Mrs. Margaret Sanger. promoter of
the birth control propaganda


In his decision Justice Blur says:
The subject OF birth control is plainly
one In which the public has an in
terest, and opposing which two con
scicntiouH and opposite views may be
held. think that the performance
may not properly bo interpreted IA
more than an attempt 90 present n
dramatic argument In favor of the
change OF an existing law: that VIII lie
its form. ith force and rs good taste
may furnish ground for an honeat DIFF
ference OF opinion. there Is nothing In
II which can reasonably bo viewed
as against morality, decency or public
welfare""",ART
/scratch.hpc/nicola.barban2/data/AS_dataset_raw/year_1917/faro_1917/1917-01-26_p6_sn84020558_00202193353_1917012601_0455.json,1917,24,23,\beugen[i1]cs?\b,Raisz D r a.,"There will be a meeting of the Balsz Parent Teachers association this af- ternoon at 2:30. This will be a regular meeting. Professor Fil1e of the Tempe Normal school will address the members on ""Eugenics of Children, "" while Professor Beckwith, also of the normal, will sing",ART
/scratch.hpc/nicola.barban2/data/AS_dataset_raw/year_1918/faro_1918/1918-05-09_p7_sn85033255_00514152056_1918050901_0245.json,1918,15,14,"\bavoid(?:ing)?[ -]?(?:conception|pregnancy|offspring|children)?(?=|[-–—:;,.]|'s)",,"


this final effort. Corps houses were
curious places. he had heard, and full
of secrets. Even the great professors
from the university might not enter
without invitation. And his experience
had been that students paid small re
spect to uniforms or to age. In truth,
he passed the building twice before
he could summon courage to touch the
great brass knocker. And the AFRO
gance of its clamor, when at last he
raped, startled him again. But here
at least he need not have feared.


The student who was also door
keeper eyed him kindly. ''Well, COM
rade?"" he said.


81 am seeking a student named
Haeckel, of this corps"" said old Adel-
bert stoutly.


""Haeckel?"" repeated the doorkeeper.
81 think-come in, cOmrade. / will
inquire""


For the name of Haeckel was, just
then, one curiously significant.


He disappeared, and old Adelbert
waited When the doorkeeper re-
turned, it was to tell him to follow
him, and to lead the way downstairs.


Two or three students came toward
him at once. ''You are seeking
Haeckel?"" one of them asked.
""I am. I knew him, but not well.
Lately, however, 1 have thoughts he
herew


The students exchanged glances.
'eHe is not here,' one said. ""Where
did you know him?""


''He came frequently to shop /
know ola cobbler's shop, a neighbor-
hood meeting place. A fine lad. I
liked him. But recently he has not
come, and knowing his corps, came
here to find him.""


They had hoped to learn something
from him, and he knew nothing. He
has disappeared"" they told him. 'He
is not at his lodging, and he has left
his classes. He went away suddenly,
leaving everything. That is all we
know""


1t sounded sinister. Old Adelbert,
heavy hearted, turned away and
climbed again to the street. That gate
way was closed, too. And he felt a
pang of uneasiness. What could have
happened to the boy? Was the world,
after all, only a place Of trouble?


But now came good fortune, and,
like evil, it came not singly. The
operation was over, and his daughter
on the mend. The fee was paid also.
And the second followed on the heels
Of the first.


He did not like Americans. Too
often, in better days, had he heard the
merits of the American republic COM
pared with the shortcomings of his
own government. When, as happened
now and then, he met the American
family on the staircase, he drew
sharply aside that no touch of repub-
licanism might contaminate his uni
form.


On that day, however, things
changed.


First of all, he met the American
lad in the hallway, and was pleased
to see him doff his bit Of cap. Not
many, nowadays, uncovered head to
him. The American lad was going
down; Adelbert was climbing, one step
at a time, and carrying small basket
of provisions.


The American boy, having passed,
turned, hesitated, went back. I'D
like to carry that for you, if you don't
mind""


""Carry it?""


81 am very strong"" said the Ameri-
can boy stoutly.


So Adelbert gave up his basket, and
the two went, up. Four long flights
of stone stairs led to Adelbert's room.
The ascent took time and patience.


At the door Adelbert paused. Then,
loneliness overcoming prejudice,
""Come in"" he said.


The bare little room appealed to the
boy. 'It's very nice, isn't it?"" he
said. There's nothing to fall over""


""And but little to sit on"" old Adel-
bert added dryly. ""However, two peo-
pie require but two chairs. Here is
one""


But the boy would not sit down.
He ranged the room, frankly curious,
exclaimed at the pair of ring doves
who lived in box tied to the window
sill, and asked for crumbs for them.
Adelbert brought bread from his small
store.


The boy cheered him. His interest
in the old saber, the intentness with
which he listened to it's history, the
politeness with which he ignored his
hosts inirmity, all won the old mans
heart.


These Americans downstairs were
not all bad, then. They were too rich,
of course. No one should have meat
three times day, as the meat seller
reported they did. And they were pay
ing double rent for the apartment be-
low. But that, of course, they could
not avoid, not knowing the real charge.


The boy was frankly delighted. And
when old Adelbert brought forth from
his basket sausage and, boiling 1T
lightly, served him a slice between two",OTHER
/scratch.hpc/nicola.barban2/data/AS_dataset_raw/year_1918/faro_1918/1918-12-07_p1_sn84024055_00280761084_1918120701_0575.json,1918,24,23,"\bavoid(?:ing)?[ -]?(?:conception|pregnancy|offspring|children)?(?=|[-–—:;,.]|'s)",COMMONPLACE.,"One Of the persistent charges Of the
iRtellectualS against the majority Of
people is that they are commonplace.
That, of course, is a thing only a few
avoid. Out Of every hundred. ninety
seven are certainly commonplace. and
what we call the inteIlectualS are not",OTHER
/scratch.hpc/nicola.barban2/data/AS_dataset_raw/year_1919/faro_1919/1919-07-04_p7_sn87076552_00296028939_1919070401_0418.json,1919,3,2,\bMrs[.]?[ -]?Bird\b;\b(?:M|RN)rs[.]?[ -]?B[iIl1]r(?:d|c[l[I[1lI]l][1lI]])\b,,"


would be cruel, especially just for FASH
ion and style said Mrs. Bird of Para
disc.


""I hope said Mrs. Heron, that chill
dren will remember when they grow
up themselves not to wear feathers
which destroy the lives of birds who
want to live and care for their little
ones


""sThey strike us down when we're
dancing and happy and have chosen
our little mates the Bird of Paradise
said sadly.


""tAnd mothers wear us on their
hats, said Mrs. Heron. They wear 9TH
er mothers whose babies have died OF
starvation because of cruel, cruel
fashion


""Iets hope for better times ahead
for our families Mrs. Bird Of Para
disc ended.


/ ""Let's hope so,' said Mrs. Heron.


'That is the end of the story"" said
Daddy. 'That was their little talk""


""Oh, Daddy"" said Nancy, 'rve made
up my mind, of course, never, never,
never in the world to wear feathers OF
birds where we're doing cruel, cruel
harm. I know and l could never for
get. But I've made up my mind to
start a club of little girls who'll all
premise to never wear the feathers of
birds such as the herons or the birds
of paradise or any other feathers where
the birds have to be killed. Well wear
J ostrich feathers and plumes which
come out naturally.
""And I'm going to get any number OF
my friends together and we'n have
meetings and at each meeting every
7 member will tell an interesting story
: of some bird she has seen. Once
month We'll have refreshments.
< 'rBut most of ALL"" said Nancy, fol
( she could see Nick smiling over the
: refreshments, ""we'n never be cruel tt
< birds because of our refreshments""
u That's right"" said Nick, 'the ide;
Z of big creatures like US being cruel t.


little creatures like birds, and I'm go


ing to start boys club where wei


study birds and take their pictures, bu
. we'll never steal their eggs""",OTHER
/scratch.hpc/nicola.barban2/data/AS_dataset_raw/year_1919/faro_1919/1919-12-22_p1_sn87062237_00513684605_1919122201_0292.json,1919,22,21,"\bavoid(?:ing)?[ -]?(?:conception|pregnancy|offspring|children)?(?=|[-–—:;,.]|'s)","WILMINGTON AWAKE


TO THE SITUATION","Nhile lt IL evident. from an anaiy sls
ot the act of Congress approved March
=. 1919. that It Is the desire OF the govern
meut. rs pointed out by United States
Engineer J y .lervey, ON saturday, To
nelp local authorities IN the development
~ port facilities ~ u well that Winning
ton has launched INTO a determined move
20 provide a municIpally owned terminal
otherwise 70 would b. possible To with
draw oven already specifically authorized
Federal sdppcr, for harhor improvements.
Nnalvsis oi the act referred 20 IS convlnc-
70 proof 1T this On the same subject
i,e-, Evening has received the follow
.1,, letter from Lieut. COL "" Il I.adue,
) engineer ~ Philadelphia. who is in


sarce 81 the Delaware rivcr. so far as
tne government Is concerned.


The Federal River aud ilaTbor act
approved Iarch ,. 1919. contained the
following tenn


1t Is hereby declared - bC the policy
~ the Congress that water terminals are
csSoutial IL All cities and towns located
upon harhorS or navlcabic waterways
and thai a. least ono public terminal
should exist, constructed owned and
regulated hy the municipality, or other
public agency nf the State and open 70
he use 81 All on equal terms, and with
D. Wow of carrying ont this policy 70 the
nlltSf possible extent tho Sccrptarv Of
Var IS hereby vested with the discretion
II withhold unless the public interests
vt nd seriously suffer by delay. MONIES
appropriated in this act for now projects
tdpptsd hcrrm. or for the further I'M
.ruVemcnt nt EXISTING projects II, in hiS
spinpn uo water terminals exist adequate
u thc traffic and open 70 all On equal
rms ~ unless satisfactory assurances
lre received that local or other interests
VlH nrnNidc slch adequate terminal
tf CRIMINALS The Secretary 81 War.
t-ogrb the Chef ~ Engineers shall
g3,, ..H publicity as far as ma- bc
nrs,fieaLlc, - thus provision.


ia earrNing out the purposes % tins
~ 4 viii y, necessary for compc tent
ufhoutN e. pass upon thc plans of local
authorities Tor terminal IMPROVEMENTS
u order e. determine their adequacy
indor the particular conditions existing
IL the locality To meet the needs Of the
tuation tho Chief ~ Enignecrs, IT, ;
krrnN has assigned 70 the Board of
Lnglnccr~ Tor Rivers ard Harbors the duty
II ADVISING and asslstlng local port
uiboFtlcs Ia planning the layout and
Equipment ~ terminal facilities, with q
,leW IL assisting them 10 avoid. on the
sur hand. the construction Of facilities
nadcluate 70 handle the traffic efficiently,
,ad on the other hand, the adoption Of
nl4Es which will involved cost N excess I
n the value and amount of the commerce
affected with the result of hurdcning
he trtfc with unduly heavy charges for
,vcrhead and for maintenance and opera .
non 81 unnecessarily expensive machinery.
fhc Board Wlll employ ~ this work the
..ectssarv expert assistance n enable II 70


II ~.


sirah.e. ln the planning of terminals
and port facilities, including JOINT rail
nd water terminals, taking over the
lnties of this character heretofore per
ormed by The Port Facilities Commits
i8n - the shipping Board The War
III partuCnt desires 70 make this work
Z the greatest bencht 70 al localities
,antemplating tcrInlnal improvements.


ain therefore directed by the Chef
y LnlEneers 70 8dvlsc The proper local
uthorlles 50 each locality contemplat-
ng further terminal improvements, Of the
.ril!lngness u the Var Department
o coop rate with them IN pannlng i'm
of thus character In any
,ase IL which the advo. Of the Board OF
Engineers Is desired respecting the lay
1ut or equipment 81 terminals. or the
adcquacy 81 proposed terminals, It Is
.uggestsd that the situation be pre-
.ented ID letter to the Chief Of Engi-
lcers. L. :. Army through tins office.
accompanied by such maps and drawings /
ls AT necessary to q full understanding
Il The situation Any proposition so I
7rcsentod VIII b. promptly forwarded for
be sctlou Of the Board


Very respectfully,


"" b. Iadue,


Laeut. Col Corps of Engineers, U. S. A. /",OTHER
/scratch.hpc/nicola.barban2/data/AS_dataset_raw/year_1920/faro_1920/1920-11-02_p6_sn86092536_00271768503_1920110201_0054.json,1920,11,10,\bMrs[.]?[ -]?Bird\b;\b(?:M|RN)rs[.]?[ -]?B[iIl1]r(?:d|c[l[I[1lI]l][1lI]])\b,"MIKE SULLIVAN SUCCUMBS To


To WOUNDS INFLICTED: SATURDAY","OF the First Presbyterian churhc at the
church parsonage on Walnut street in
the presence of only a few friends of
the principals. The happy couple left
last night on a brief honeymoon 20 Win
chester. ny. and other southern cities.
AMI upon their return will De- at homo
to their friends at the Island.


Masons Receive Returns.


The members Of the Masonic club in
this city have completed arrangements
with tn"" Western Union TelccrInn C'nl-
p;tny FOR q special wire. which has fcen
installed In their club roorls OH Inn
ever and Fourth street. for the rcCGiV-
ing OF the election results from a.! ever
tho country tonight. and ro""i Crowd
uf the members is expected to the meet
ms.


Mass Meeting OF wou,ci.


Mrs Hugh T. Clark. of t""IhHnIHle
OHIO. was the speaker at a mass meet
ing Of the women voters of this Guy at
the BOARD of Trade rooms ON Frnrth
and Walnut street last niSE'. and she
is claimed to have delivered the host
political address delivered N 'he CITY
during the present campaign.


Home for Election.


Practically all of the college students
from this city. as well aS Yodnr: men
and women who are visiting %waE from
home. or employed in other cities. have
arrived nome loT cIe'l'oIi way e""u -
remain until tomorrow for Wits Win
their parents.


Committee Meeting.


A meeting Of the committee m charge
Of arrangements for the SPECIAL tram
TO Alliance. Ohio. for Saturday No
yember 18th. has been called 70 'ahS
place at the Capitol Inn on South Fourth
street this evening. at With time an
arrangements will be complc''i AMI tie
&C IT. mittce will issue report.


1Ardwtcf FunsrN.


Funeral services for the late l.. w.
Hardwick. we'll known local man, VINO
has for many years been the N.tlirlSht
at the Whitaker-Gle plant In this
city, and who died at an earl hour sun
dan morning. will be held from the fam
ily home, 4l5 Clinton % -. toTnorro""
afternoon AT o'clock. a7gc OF Key.
X. 4. Mcdaniel. pastor The tairSt
BAPTIST church. and Rev. "". VI. French.
pastor OF the United Presbyterian
church Interment Will be made at
Riverr lew Cemetery.


Hntsrsa1n Club.


Mrs. Charles I.aaS"". Sr.. will be tn""
hostess TO the Past Officers CLUB or the
Sons and Daughters of Liberty OF this
city and Bridgeport, at her home on
West Fayette street this evening. An
interesting program of social diversions
has been planned for the evening.


Volunteer Automobiles.


4 large number of the Republican
voters Of this community have volun-
tecred their automobiles to carry voters
who are not able to walk. to the polling
places today. II. Longs hardware store
on Hanover street has been designated
as headquarters of the motor corps. and
Republican voters have ;',""n asked TO
call IS for car.


Lyceum Course.


The sale of the tickets for the Lyceum
course which is being handled by the To-
cal chapter OF the Alpha Pi fraternity
for the coming winter months. is said
to be satisfactory and there is no doubt
that sufficient tickets will be sold TO
relieve the club from any liability. The
first number on the course will he seen
at tho high school auditorium. Friday.
November 18th, when The Climax
dramatic masterpiece of comedy and
music is on the program


Tnamhls Bee.


The members Of the Thimble Bee OF
this city will be entertained as guests
broadway and Washington street. to-
morrow afternoon. Sewing and fancy
work. the usual club diversions will be
during the hours and dainty
luncheon will be served.


Hurt Own Cause.
A number Of the Democratic voters
OF this community state that nay are
about disquested with the insinuations
being handed out by some members of
the party with regard to the person of
the Republican candidate for President.
and they claim il is doing injury to the
cause which it is calculated to aid. II
there was any truth in the statements.
they would be published boldly In the
over the signatures OF Of
ficials Of the party or their candidate.


Luthar League Meeting.


Tho members Of the Luther League OF
ST. Johns Lutheran church will hold n
business meeting in the Sunday school
rooms OF the church on North Fourth
street Thursday evening Of this weet,
and all of tn members have been Urged
to attend.


MARTINS Perry Briefs.


Mrs. Bird Peppers and Mrs. F.. W.
Romich have returned to Toledo. o..
after visit with Mrs. Earl Heslop OF
North Sixth street


w. w. Cowen. county chairman Of the
committee was a business
visitor in town yesterday.


Louis Eick. manager o. In"" fenraF
Photoplay company IS confined To his
Mrs. John Bush Of Zane street is re-
home with illness.


ported critically i'll at her home.


MIR and Mrs. +. A. krim have arrived
home after q few DAYS visit with friends
at New Martinsville.


Mr.. and Mrs. Jos. Ecker of Clinton



new baby boy which arrived ycstcr-
day.


John r. Jones has returned to Big
Stone Gap, w. Va. after attending the
Sautcrs-Jones wedding here.


Alvin Nelly has returned to Pitts
burg after spending Sunday with his
parents on Tenth street.


Mr. and Mrs. Albert p. Handel Ct
Toledo. o.. are LISTING at the home Cf
Mr. and Mrs. W w Davies


No doubt 70 expressed in this city
that Richard T Lynch will be the sue
cessful candidate for sheriff of Bel
mont county.


The Democrats were busily engaged
circulating their propa Ganda in this city
YESTERDAY. in last minute effort to
swing votes.


The work OF distributing the booths
and other supplies to the polling places
in the city was completed yesterday.


Local young ladies will sell lapel
flags for the benefit of the Service
Star Legion on the streets today.


Mrs. r. 3. Smith left for her home
at Cincinnati o.. yesterday after visit
with her parents. Mr.. and Mrs John
Nelly OF Tenth street.


Tia erea,er ma necesslty for saving",OTHER
/scratch.hpc/nicola.barban2/data/AS_dataset_raw/year_1920/faro_1920/1920-10-21_p1_sn86090233_00199917560_1920102101_0654.json,1920,29,28,"\bavoid(?:ing)?[ -]?(?:conception|pregnancy|offspring|children)?(?=|[-–—:;,.]|'s)",NOTICE.,"Street taxes are now due, call at
Town Hall and pay same, to avoid,
having damages added.


A. A. MADDOX, Tax Collector.",OTHER
/scratch.hpc/nicola.barban2/data/AS_dataset_raw/year_1921/faro_1921/1921-03-21_p9_sn85047611_00383348584_1921032101_0225.json,1921,70,69,\bm[i1]scarriage\b;\b(?:m|rn)[i1]scarr[iIl1]age\b,"SAYS JUSTICE
MISCARRIED.","Felts then issued the following formal
statement to the newspaper men:


THE verdict Of this jury signifies one
thing, a miscarriage OF justice. and fully
demonstrates to every one that knows
the facts Of this case that II is more
popular among a certain element IN this
country TO be desperate than 10 be &
lawsa hiding citizen, especially when II
has any connection with the present labor
controversy.


81 confess that the verdict is a disap-
pointment to me, as I believe Il Is to all
good citizens of the country""


Five OF the Felts detectives, survivors
OF the battle, are under indictment on
charge Of killing Mayor c. c. Tester
man of Matewan and two others. They
are to be tried in Green Brlen County
next month.


81 told you before the trial started
it didn't mean any more to me than
taking a chew Of tobacco"" said ""Smil-
ing Sid"" Hatfield. II do no more than
any other red blooded American would
have done in my place""",OTHER
/scratch.hpc/nicola.barban2/data/AS_dataset_raw/year_1921/faro_1921/1921-07-17_p56_sn83030214_0020653266A_1921071701_0468.json,1921,3,2,"\bavoid(?:ing)?[ -]?(?:conception|pregnancy|offspring|children)?(?=|[-–—:;,.]|'s)","Captain Monckton, in Tanning New Guinea,
Writes a Moving Picture Record of


Dangerous Days","voted to the navigation Of curious
things that contrive to keep on top Of
the water, with here and there pas
sages Of real ocean stuff, big waves
and the howl of the wind. And one
cannot overlook those other pages that
give pictures of the dangers of diving
Tor pearls, the nature of good pearl
grounds and the habits of peculiar and
deadly fish. Monckton met Captain
Siocum while on visit to Sydney and
admired that old New Bedford salts
pluck in circumnavigating the globe in
his yawl Spray.


But we are getting beyond our depth
or limit in this review. The powers
that be in New Guinea soon saw what
Monckton had in him and made him
resident magistrate. We don't believe
iE extended quotations from book in
any notice in these columns, but no
better idea of what this man was up
against can be obtained than that pre-
sented in his own statement Of orders
and advice given to him on The day of
his commission:


""Now, then, here is list Of things
that need attending at once. There Is
murder at Awaiama, a man cut his
mother-in-law's throat, catch him; there
is to be new mission station at Cape
Vogel, survey and buy the land for the
natives; Fellows is in trouble at the
Nd ~,<.
Bromilow has collected a lot of orphans
at Dobu, go and mandate them to the
mission; man named Ryan has shot
native at Ferguson Island, arrest him
and inquire into the case; Carruth has
been supplying grog to the natives on
Burns, catch Carruth and deal with him;
the Siai's decks need caulking and she
needs new wire rigging; I've got the
wire, but there is no money with which
to pay any one to do the job Patten
has got into some sort Of trouble at the
south end of Goodenough, find out what
it's all about; Thompson has started a
cocoanut plantation on the northeast
coast Of the island, look him up and see
that he is all right; when you get some
spare time, go and buy cargo of vans
for the Jail, and don't pay more than
los per ton for them; see that Billy, the
cook, shuts the pub at IL o'clock, there
are only fights and rows if he is open
later. Don't use the police for arresting
white men il you can possibly avoid;
arrest them yourself""


There's program that calls on the
pluck and mental resources of a real
man. If you are looking for book that
mingles cool intrepidity with canny eau
ton, one always giving native back
ground of rich hues, get a copy of
Tanning New Guinea and read it.",OTHER
/scratch.hpc/nicola.barban2/data/AS_dataset_raw/year_1922/faro_1922/1922-12-30_p2_sn89055128_00414211501_1922123001_1298.json,1922,5,4,"\bb[i1]rth[ -]?(controls?|prevent[i1][o0]n)\b;\bbirth[ -]?(controls?|prevent[i1][o0]n)(?=|[-–—:;,.]|'s);\beugen[i1]cs?\b","THE THRILL OF LOVE!!!


Do WOMEN LOVE BETTER2
rho Thrill of tho Human TOuch","
SHOULD A WOMAN ADVERTISE


FOR A. NATE?
Why Should Girl be Married Before


IS and the Man BefOre21g
Marriage, Divorce, Love, Eugenics,
Birth Control, Sex Hygiene, ETC., etc.
HOW TO MARRY SUCCESSFUL


AND ATTAIN HAPPINESS
These are only some of the sub
jects exclusively dealt with in every
issue of the ""FOLD'' MAGAZINE,
Americas big and high class Low
ERS' PUBLICATION. Devoted only
to such problems.


Send loo for SAMPLE COPY
and complete information about our


Friendship Club


SUBSCRIPTION price now only
75c per year, 3 years for $500.
This special offer to increase the
circulation of the 'FOLD' is good
only for a short period Every sub
scription includes FREE membership
to our FRIENDSHIP CLUB, with
of members Cloth sexes
in every state and city.


Send Use with your name and adj
dress to the


aFOLD"" MAGAZINE,
1151 Broadway N. Y. City, U.S.A.",ART
/scratch.hpc/nicola.barban2/data/AS_dataset_raw/year_1922/faro_1922/1922-06-01_p6_sn88076086_00199918473_1922060101_0178.json,1922,51,50,\babort[i1][o0]n\b,,"as. Managing Shesp on North Dakots
\: x Ma:as 9 fI:s aad fG To sssso otes..
u: fp%F FsSElssi f Feisssr t'r On s'{ Hsr Psk BIZ:
Il. BY by \ aYsFi.. Handbook.
u: Ersss il No aort th' p.S Soat''
i: 1 19eF SF' BIZ tjp.""


Il B B|s ! y E. s:' rs, D,:'' Form
II. Sow Thistle.


4. 3s s%: R:.l E1s S'ssS yal Et:::''..
-. Wheat 1nysstisations, Milling
-. P Rs,k,tnF ma fea e as9S|Ss c TsstR,
IT, VIA tni fsvs s:fsass SGno' ailliia.
q. swamp. Fever.


u: &: K. 1s, * ssas'tf ssa Repair ..
Ice. $$ssRP,ss s,'.t.ms for Wheat Pro
III; Betato. warehous. Plans.


4oss and de e9% ''""ds rea esHHSi.s'
s s.: e }ffssa'S Ss,ss ' y r Hiss''; and
Tx kksy s ! Teyysssssls.,s; wor. ~, ~.


RtS' b bsSas i's Hol.s %G'A 8Saaea:
no. Rtk |EafNR olsSs p 1aEyststisati0a IL
Ia. 2ksmieal and Physical Constants
.,s. shs.n s9 s.sa; ias F M'Es s' ss Wiii,..o.
Ill., =: sss. iss 8: s:l.} & Ss q vi r sldI I
-, 2~Egantsnas 70 aolabile Plant .I!oo4
BIZ: Ie' 9 9ssE.sfs1 ss & h: h'f'' Plant
III. Jhs capasity, 81 Wheat ana Mn
M. Eofth Dakota Wheat for 1915.
'''' ;:s :as.s5ks q q R R::ksa S' "" iB}iess!s3
,sa. Miii.s: aaa ssktas Data for tn.
,s.. b 1sis cs S4s, e w ehsa Wheat in pr..1
1s4. so ai'f'9 servsy ~ n Ht1B: 81 HsSiaE


l1te sse.pt to f.sidsst7 x toEt'
..'. 1:s!:' b; ssEe:hSi in North D..o..
-. t:x L.ser-s.y,ns naohin.r, so'
~. Aeport II Hsttingsr substaGon
'''' 1 hsG.fs q Dickinson s~u'''.''oa
In: I: : s contained tn tn "": IT, IT,
H. hHport OF Lansdon Satisfaction
~. E4pot1 eeats Demonstration Farms
Ia. 3fhs BrsSq Value Of Wheat.
Nv Corn t odde Ga1 Win warns sfsaw u q
ia. f.. s ess. Fl PRODUCING Wheat ant
IA. R Hsrs srsps liz IL HSrsh nak0ts ie 1919


Wheat.


~. Eoet Of Producing Crops in North


Dakota in 1920.


!4S. Rdgslsy ~substation Report. 1920
las Report of Experiment Station Di.


rector 1920.


t47. Inheritance of Rust Resistance in


a Family Derived from a Cross be-


tween Durum and Common Wheat
148. Report of Demonstration Farms


superintendent, 1920.


lac. vareital Trials with Spring Wheat
$50. Report Of aettinger Satisfaction


1919 and 1920.


lsl; Winter Wheat IN North Dakota
40"" eitSS and GhemIc ais st ~ ee"" of c sFtHs17


Clones and Sibs of Bronze Grass
1853. lResearch Bull No. p Physical


Characters and Some of Their Cor


relations In Bromus Inermis.
1874, Trail of the Short Grass Steer.
155. Preliminary Rat Virus Investiga.
1856. The Northern Pig from Birth to
lss. h :. pPs5s will'ston substati0n' 1914
l5s. Report Of Director, 1921.
100. Report Dickinson Substation, 1920


1921.


ISL. Report of Edssley s~ubstation.
1872. Weeds in North Dakota.


Circulars.


l. Flax Cropping. Harvesting Methods
4. Extermination Of Groupd SQUIRRELS


Gophers and Prairie Dogs in North
7. Flax for Seed and oil-Harvestins


2 Storing the Crop for Seed and
9, Marketing the 1915 Hog Crop.
IS. Practical Milling Tests.
r. The Farm Vegetable Garden.
IL. Abortion Disease in Cattle.


Farmers Institute Monthly
July, 1sls-Beef Types and Beef Breeds
September, 1sls6pointers on HOS ohol'
October, 1913-Pork Production Under


North Dakota Conditions.
1s141PoYltry: ~
March, lsI4-The Pit silo for North Da-
April; 1s14-Advantaxes of Growing
May; ls5t-shssp in Eorth Dakots;
~raxs,sy- fsssr'f 80. Dix sf,e; 1sis, Bull. -,
f 81; sSs|'5s' s s5s': II asl', Blu. 10,
S E,',!:;$s5@!;s:: { t,s,. EsEg;; 4 t,{,: }ss BIZ


1914 1914-is1s), BH. 146 1si6).
Hettinger-Bul. 130l1913-191S).
Report Of ~substations for 1914.


Denomination Farm Reports.
1905 i. 49,? I'LL tisl bbul t'iills 9i}iis - 1Iss1lj 1 Ssi
c.rr.n.s ssa' a sss'i H. sf fsrso area, ,,o,
Dickey County, 15o; Jamestown area
12c; Mckenzie area, lie; Morton area,
12c; Wflliston area. lie: Sargent County
!ec: Trail County. #1oc; Barnes County


Press BuIIetins.
20. Notes ON Tres Planting.
o. R'fs5s2rf h Y Khsst Yield Du.
q. Nefth bakets Dsmonstration Farm.
Il. Rss3Rxanf Flax On Old Lands.
II. Militant Flax seed for sowtn.
%. lfax Whsst. oats. Barley, Good


&e44 and Normal Crops for Nortf


Dakota: How to de. Them.


tural CoIlogss


Complete Catalogue


Catalogues Of Pharmacy
Veterinary


High School


Industrial Courses ~
: Summer School 5#s 4 y
Winter Short Courses n Y q. """,OTHER
/scratch.hpc/nicola.barban2/data/AS_dataset_raw/year_1923/faro_1923/1923-04-04_p23_sn85060004_00517175973_1923040401_0870.json,1923,22,21,"\bavoid(?:ing)?[ -]?(?:conception|pregnancy|offspring|children)?(?=|[-–—:;,.]|'s)",RlnuSeh Coat.,"The bloused coat is popular. but it
is an excellent style for the short
woman to avoid. Loose, unbelted coats
with straight lines are much better
choice for the woman who is short on
inches.",OTHER
